[Licensing::Module] Trying to connect to existing licensing client channel...
Built from '6000.5/staging' branch; Version is '6000.5.5f1 (d16e074b49fd) revision 13725191'; Using compiler version '194234433'; Build Type 'Release'
OS: 'Windows 11  (10.0.26200) Professional' Language: 'pt' Physical Memory: 32606 MB
BatchMode: 0, IsHumanControllingUs: 1, StartBugReporterOnCrash: 1, Is64bit: 1
System  architecture: x64
Process architecture: x64
Date: 2026-08-10T18:42:39Z
[Licensing::IpcConnector] Successfully connected to: "LicenseClient-20231170150028" at "2026-08-10T18:42:39.0699567Z"

COMMAND LINE ARGUMENTS:
C:\Program Files\Unity\Hub\Editor\6000.5.5f1\Editor\Unity.exe
-projectpath
C:\Users\20231170150028\Documents\GitHub\motores3pjd3v2026
-acceptSoftwareTermsForThisRunOnly
-useHub
-hubIPC
-cloudEnvironment
production
-licensingIpc
LicenseClient-20231170150028
-hubSessionId
9aaee2d2-f070-429a-baa0-8c9174c8f310
-accessToken
ZHXalIloeGavLbfRU-eeMI5jt5jCGgnds_18rtb_60I004f
Successfully changed project path to: C:\Users\20231170150028\Documents\GitHub\motores3pjd3v2026
C:/Users/20231170150028/Documents/GitHub/motores3pjd3v2026
[UnityMemory] Configuration Parameters - Can be set up in boot.config
    "memorysetup-temp-allocator-size-gi-baking-worker=262144"
    "memorysetup-temp-allocator-size-gi-baking-worker=262144"
    "memorysetup-temp-allocator-size-gi-baking-worker=262144"
    "memorysetup-temp-allocator-size-gi-baking-worker=262144"
    "memorysetup-temp-allocator-size-gi-baking-worker=262144"
    "memorysetup-temp-allocator-size-nav-mesh-worker=65536"
    "memorysetup-temp-allocator-size-audio-worker=65536"
    "memorysetup-temp-allocator-size-cloud-worker=32768"
    "memorysetup-temp-allocator-size-gfx=262144"
    "memorysetup-temp-allocator-size-preload-manager=33554432"
    "memorysetup-allocator-temp-initial-block-size-main=262144"
    "memorysetup-allocator-temp-initial-block-size-worker=262144"
    "memorysetup-temp-allocator-size-job-worker=262144"
    "memorysetup-temp-allocator-size-background-worker=32768"
    "memorysetup-bucket-allocator-granularity=16"
    "memorysetup-bucket-allocator-bucket-count=8"
    "memorysetup-bucket-allocator-block-size=33554432"
    "memorysetup-bucket-allocator-block-count=8"
    "memorysetup-main-allocator-block-size=16777216"
    "memorysetup-thread-allocator-block-size=16777216"
    "memorysetup-main-allocator-mimalloc-enabled=0"
    "memorysetup-gfx-main-allocator-block-size=16777216"
    "memorysetup-gfx-thread-allocator-block-size=16777216"
    "memorysetup-cache-allocator-block-size=4194304"
    "memorysetup-typetree-allocator-block-size=2097152"
    "memorysetup-profiler-bucket-allocator-granularity=16"
    "memorysetup-profiler-bucket-allocator-bucket-count=8"
    "memorysetup-profiler-bucket-allocator-block-size=33554432"
    "memorysetup-profiler-bucket-allocator-block-count=8"
    "memorysetup-profiler-allocator-block-size=16777216"
    "memorysetup-profiler-editor-allocator-block-size=1048576"
    "memorysetup-temp-allocator-size-main=16777216"
    "memorysetup-job-temp-allocator-block-size=2097152"
    "memorysetup-job-temp-allocator-block-size-background=1048576"
    "memorysetup-job-temp-allocator-reduction-small-platforms=262144"
Player connection [14040]  Target information:

Player connection [14040]  * "[IP] 10.57.1.2 [Port] 55504 [Flags] 2 [Guid] 2096763419 [EditorId] 2096763419 [Version] 1048832 [Id] WindowsEditor(7,CM461965) [Debug] 1 [PackageName] WindowsEditor [ProjectName] Editor" 

Player connection [14040] Host joined multi-casting on [225.0.0.222:54997]...
Player connection [14040] Host joined alternative multi-casting on [225.0.0.222:34997]...
Input System module state changed to: Initialized.
[Physics::Module] Initialized fallback backend.
[Physics::Module] Id: 0xdecafbad
[Package Manager] Connected to IPC stream "Upm-8316" after 0.2 seconds.
[Licensing::Module] Licensing is not yet initialized.
[Licensing::Client] Error: HandshakeResponse reported an error:
	ResponseCode: 505
	ResponseStatus: Unsupported protocol version '1.18.1'.
[Licensing::Module] Error: Failed to handshake to channel: "LicenseClient-20231170150028"
[Licensing::IpcConnector] LicenseClient-20231170150028 channel disconnected successfully.
[Licensing::IpcConnector] Channel LicenseClient-20231170150028-6000.5.5 doesn't exist
[Licensing::Module] Successfully launched the LicensingClient (PId: 12284)
Starting IPC server.
Waiting for clients to connect on \\.\pipe\Unity-LicenseClient-20231170150028-6000.5.5, press Ctrl-C to exit.
[Licensing::IpcConnector] Successfully connected to: "LicenseClient-20231170150028-6000.5.5" at "2026-08-10T18:42:40.386038Z"
[Licensing::Client] Code 10 while verifying Licensing Client signature (process Id: 12284, path: "C:/Program Files/Unity/Hub/Editor/6000.5.5f1/Editor/Data/Resources/Licensing/Client/Unity.Licensing.Client.exe")
[Licensing::Module] LicensingClient has failed validation; ignoring
[Licensing::Client] Handshaking with LicensingClient:
  Version:                 1.18.1+9fbee8e
  Session Id:              e5120d00272a4b76ba712b70a709ae10
  Correlation Id:          c3b866f3c387246e11aea11ba204816b
  External correlation Id: 4473172563870347201
  Machine Id:              /URXbd/IyQyeER9a92Z1ij2EYkQ=
[Licensing::Module] Successfully connected to LicensingClient on channel: "LicenseClient-20231170150028-6000.5.5" (connect: 0.25s, validation: 0.05s, handshake: 0.00s)
[Licensing::IpcConnector] Successfully connected to: "LicenseClient-20231170150028-6000.5.5-notifications" at "2026-08-10T18:42:40.4380956Z"
[Licensing::Module] Connected to LicensingClient (PId: 12284, launch time: 0.02, total connection time: 0.30s)
[Licensing::Client] Successfully updated the access token
[Licensing::Module] Successfully updated the access token ZHXalIloeG...
[Licensing::Client] Successfully resolved entitlement details
[Licensing::Module] License group:
  Id: 4673937129933-UnityPersXXXX
  Product: Unity Personal
  Type: Assigned
  Expiration: Unlimited
[Licensing::Client] Successfully updated license, isAsync: True, time: 0.01
[Licensing::Client] Successfully resolved entitlement details
[Licensing::Module] Licensing Background thread has ended after 1.39s
[Licensing::Module] Licensing is initialized (took 1.04s).
[Licensing::Client] Successfully resolved entitlement details
Library Redirect Path: Library/
Rebuilding Library because the asset database could not be found!
[Physics::Module] Selected backend.
[Physics::Module] Name: PhysX
[Physics::Module] Id: 0xf2b8ea05
[Physics::Module] SDK Version: 4.1.2
[Physics::Module] Integration Version: 1.0.0
[Physics::Module] Threading Mode: Multi-Threaded
Initialize engine version: 6000.5.5f1 (d16e074b49fd)
[Subsystems] Discovering subsystems at path C:/Program Files/Unity/Hub/Editor/6000.5.5f1/Editor/Data/Resources/UnitySubsystems
[Subsystems] Discovering subsystems at path C:/Users/20231170150028/Documents/GitHub/motores3pjd3v2026/Assets
GfxDevice: creating device client; kGfxThreadingModeThreaded
Direct3D:
    Version:  Direct3D 11.0 [level 11.1]
    Renderer: NVIDIA GeForce RTX 4060 (ID=0x2882)
    Vendor:   NVIDIA
    VRAM:     7957 MB
    Driver:   32.0.16.1088
Initialize mono
Mono path[0] = 'C:/Program Files/Unity/Hub/Editor/6000.5.5f1/Editor/Data/Managed'
Mono path[1] = 'C:/Program Files/Unity/Hub/Editor/6000.5.5f1/Editor/Data/BCLExtensions/runtime/netstandard2.1'
Mono path[2] = 'C:/Program Files/Unity/Hub/Editor/6000.5.5f1/Editor/Data/MonoBleedingEdge/lib/mono/unityjit-win32'
Mono config path = 'C:/Program Files/Unity/Hub/Editor/6000.5.5f1/Editor/Data/MonoBleedingEdge/etc'
Using monoOptions --debugger-agent=transport=dt_socket,embedding=1,server=y,suspend=n,address=127.0.0.1:56316
CodeReloadManager initialized
ImportWorker Server TCP listen port: 0
AcceleratorClientConnectionCallback - disconnected - :0
Begin MonoManager ReloadAssembly
Registering precompiled unity dll's ...
Register platform support module: C:/Program Files/Unity/Hub/Editor/6000.5.5f1/Editor/Data/PlaybackEngines/WebGLSupport/UnityEditor.WebGL.Extensions.dll
Register platform support module: C:/Program Files/Unity/Hub/Editor/6000.5.5f1/Editor/Data/PlaybackEngines/MacStandaloneSupport/UnityEditor.OSXStandalone.Extensions.dll
[Licensing::Client] Successfully resolved entitlement details
Register platform support module: C:/Program Files/Unity/Hub/Editor/6000.5.5f1/Editor/Data/PlaybackEngines/VisionOSPlayer/UnityEditor.VisionOS.Extensions.dll
Register platform support module: C:/Program Files/Unity/Hub/Editor/6000.5.5f1/Editor/Data/PlaybackEngines/WindowsStandaloneSupport/UnityEditor.WindowsStandalone.Extensions.dll
[Licensing::Client] Successfully resolved entitlement details
Register platform support module: C:/Program Files/Unity/Hub/Editor/6000.5.5f1/Editor/Data/PlaybackEngines/MetroSupport/UnityEditor.UWP.Extensions.dll
[Licensing::Client] Successfully resolved entitlement details
Register platform support module: C:/Program Files/Unity/Hub/Editor/6000.5.5f1/Editor/Data/PlaybackEngines/AndroidPlayer/UnityEditor.Android.Extensions.dll
Register platform support module: C:/Program Files/Unity/Hub/Editor/6000.5.5f1/Editor/Data/PlaybackEngines/iOSSupport/UnityEditor.iOS.Extensions.dll
Register platform support module: C:/Program Files/Unity/Hub/Editor/6000.5.5f1/Editor/Data/PlaybackEngines/AppleTVSupport/UnityEditor.AppleTV.Extensions.dll
Register platform support module: C:/Program Files/Unity/Hub/Editor/6000.5.5f1/Editor/Data/PlaybackEngines/LinuxStandaloneSupport/UnityEditor.LinuxStandalone.Extensions.dll
Registered in 0.012452 seconds.
Native extension for LinuxStandalone target not found
[usbmuxd] Start listen thread
[usbmuxd] Listen thread started
Native extension for AppleTV target not found
[usbmuxd] Start listen thread
[usbmuxd] Listen thread started
Native extension for iOS target not found
Native extension for Android target not found
Native extension for UWP target not found
Native extension for WindowsStandalone target not found
Failed to load: C:/Program Files/Unity/Hub/Editor/6000.5.5f1/Editor/Data/PlaybackEngines/VisionOSPlayer\x64\UnityEditor.VisionOS.Native.dll
Native extension for VisionOS target not found
Native extension for OSXStandalone target not found
Native extension for WebGL target not found
Package Manager log level set to [2]
[Package Manager] The file [C:\Users\20231170150028\Documents\GitHub\motores3pjd3v2026\Packages\manifest.json] cannot be found
[Package Manager] The file [C:\Users\20231170150028\Documents\GitHub\motores3pjd3v2026\Packages\manifest.json] cannot be found
ScheduleIndexationOnStartup MainProcess:False IndexOnStartup:False
Mono: successfully reloaded assembly
- Finished resetting the current domain, in  0.517 seconds
Domain Reload Profiling: 989ms
	BeginReloadAssembly (121ms)
		CreateAndSetChildDomain (16ms)
	RebuildCommonClasses (6ms)
	RebuildNativeTypeToScriptingClass (18ms)
	initialDomainReloadingComplete (66ms)
	LoadAllAssembliesAndSetupDomain (260ms)
		LoadAssemblies (105ms)
		AnalyzeDomain (186ms)
			TypeCache.Refresh (185ms)
				TypeCache.ScanAssembly (172ms)
	FinalizeReload (518ms)
		SetupLoadedEditorAssemblies (0ms)
			InitializePlatformSupportModulesInManaged (102ms)
			BeforeProcessingInitializeOnLoad (66ms)
			ProcessInitializeOnLoadAttributes (77ms)
			ProcessInitializeOnLoadMethodAttributes (214ms)
[Licensing::Client] Successfully resolved entitlement details
Application.AssetDatabase Initial Refresh Start
[Package Manager] The file [C:\Users\20231170150028\Documents\GitHub\motores3pjd3v2026\Packages\manifest.json] cannot be found
[Package Manager] The file [C:\Users\20231170150028\Documents\GitHub\motores3pjd3v2026\Packages\manifest.json] cannot be found
[Package Manager] Done resolving packages in 1.41 seconds
[Licensing::Client] Successfully resolved entitlement details
[Package Manager] Lock file was modified
[Package Manager] Registered 37 packages:
  Built-in packages:
    com.unity.multiplayer.center@1.0.1 (location: C:\Users\20231170150028\Documents\GitHub\motores3pjd3v2026\Library\PackageCache\com.unity.multiplayer.center@b860850997d0)
    com.unity.modules.accessibility@1.0.0 (location: C:\Users\20231170150028\Documents\GitHub\motores3pjd3v2026\Library\PackageCache\com.unity.modules.accessibility)
    com.unity.modules.adaptiveperformance@1.0.0 (location: C:\Users\20231170150028\Documents\GitHub\motores3pjd3v2026\Library\PackageCache\com.unity.modules.adaptiveperformance)
    com.unity.modules.ai@1.0.0 (location: C:\Users\20231170150028\Documents\GitHub\motores3pjd3v2026\Library\PackageCache\com.unity.modules.ai)
    com.unity.modules.androidjni@1.0.0 (location: C:\Users\20231170150028\Documents\GitHub\motores3pjd3v2026\Library\PackageCache\com.unity.modules.androidjni)
    com.unity.modules.animation@1.0.0 (location: C:\Users\20231170150028\Documents\GitHub\motores3pjd3v2026\Library\PackageCache\com.unity.modules.animation)
    com.unity.modules.assetbundle@1.0.0 (location: C:\Users\20231170150028\Documents\GitHub\motores3pjd3v2026\Library\PackageCache\com.unity.modules.assetbundle)
    com.unity.modules.audio@1.0.0 (location: C:\Users\20231170150028\Documents\GitHub\motores3pjd3v2026\Library\PackageCache\com.unity.modules.audio)
    com.unity.modules.cloth@1.0.0 (location: C:\Users\20231170150028\Documents\GitHub\motores3pjd3v2026\Library\PackageCache\com.unity.modules.cloth)
    com.unity.modules.director@1.0.0 (location: C:\Users\20231170150028\Documents\GitHub\motores3pjd3v2026\Library\PackageCache\com.unity.modules.director)
    com.unity.modules.imageconversion@1.0.0 (location: C:\Users\20231170150028\Documents\GitHub\motores3pjd3v2026\Library\PackageCache\com.unity.modules.imageconversion)
    com.unity.modules.imgui@1.0.0 (location: C:\Users\20231170150028\Documents\GitHub\motores3pjd3v2026\Library\PackageCache\com.unity.modules.imgui)
    com.unity.modules.jsonserialize@1.0.0 (location: C:\Users\20231170150028\Documents\GitHub\motores3pjd3v2026\Library\PackageCache\com.unity.modules.jsonserialize)
    com.unity.modules.particlesystem@1.0.0 (location: C:\Users\20231170150028\Documents\GitHub\motores3pjd3v2026\Library\PackageCache\com.unity.modules.particlesystem)
    com.unity.modules.physics@1.0.0 (location: C:\Users\20231170150028\Documents\GitHub\motores3pjd3v2026\Library\PackageCache\com.unity.modules.physics)
    com.unity.modules.physics2d@1.0.0 (location: C:\Users\20231170150028\Documents\GitHub\motores3pjd3v2026\Library\PackageCache\com.unity.modules.physics2d)
    com.unity.modules.physicscore2d@1.0.0 (location: C:\Users\20231170150028\Documents\GitHub\motores3pjd3v2026\Library\PackageCache\com.unity.modules.physicscore2d)
    com.unity.modules.screencapture@1.0.0 (location: C:\Users\20231170150028\Documents\GitHub\motores3pjd3v2026\Library\PackageCache\com.unity.modules.screencapture)
    com.unity.modules.terrain@1.0.0 (location: C:\Users\20231170150028\Documents\GitHub\motores3pjd3v2026\Library\PackageCache\com.unity.modules.terrain)
    com.unity.modules.terrainphysics@1.0.0 (location: C:\Users\20231170150028\Documents\GitHub\motores3pjd3v2026\Library\PackageCache\com.unity.modules.terrainphysics)
    com.unity.modules.tilemap@1.0.0 (location: C:\Users\20231170150028\Documents\GitHub\motores3pjd3v2026\Library\PackageCache\com.unity.modules.tilemap)
    com.unity.modules.ui@1.0.0 (location: C:\Users\20231170150028\Documents\GitHub\motores3pjd3v2026\Library\PackageCache\com.unity.modules.ui)
    com.unity.modules.uielements@1.0.0 (location: C:\Users\20231170150028\Documents\GitHub\motores3pjd3v2026\Library\PackageCache\com.unity.modules.uielements)
    com.unity.modules.umbra@1.0.0 (location: C:\Users\20231170150028\Documents\GitHub\motores3pjd3v2026\Library\PackageCache\com.unity.modules.umbra)
    com.unity.modules.unityanalytics@1.0.0 (location: C:\Users\20231170150028\Documents\GitHub\motores3pjd3v2026\Library\PackageCache\com.unity.modules.unityanalytics)
    com.unity.modules.unitywebrequest@1.0.0 (location: C:\Users\20231170150028\Documents\GitHub\motores3pjd3v2026\Library\PackageCache\com.unity.modules.unitywebrequest)
    com.unity.modules.unitywebrequestassetbundle@1.0.0 (location: C:\Users\20231170150028\Documents\GitHub\motores3pjd3v2026\Library\PackageCache\com.unity.modules.unitywebrequestassetbundle)
    com.unity.modules.unitywebrequestaudio@1.0.0 (location: C:\Users\20231170150028\Documents\GitHub\motores3pjd3v2026\Library\PackageCache\com.unity.modules.unitywebrequestaudio)
    com.unity.modules.unitywebrequesttexture@1.0.0 (location: C:\Users\20231170150028\Documents\GitHub\motores3pjd3v2026\Library\PackageCache\com.unity.modules.unitywebrequesttexture)
    com.unity.modules.unitywebrequestwww@1.0.0 (location: C:\Users\20231170150028\Documents\GitHub\motores3pjd3v2026\Library\PackageCache\com.unity.modules.unitywebrequestwww)
    com.unity.modules.vectorgraphics@1.0.0 (location: C:\Users\20231170150028\Documents\GitHub\motores3pjd3v2026\Library\PackageCache\com.unity.modules.vectorgraphics)
    com.unity.modules.vehicles@1.0.0 (location: C:\Users\20231170150028\Documents\GitHub\motores3pjd3v2026\Library\PackageCache\com.unity.modules.vehicles)
    com.unity.modules.video@1.0.0 (location: C:\Users\20231170150028\Documents\GitHub\motores3pjd3v2026\Library\PackageCache\com.unity.modules.video)
    com.unity.modules.wind@1.0.0 (location: C:\Users\20231170150028\Documents\GitHub\motores3pjd3v2026\Library\PackageCache\com.unity.modules.wind)
    com.unity.modules.xr@1.0.0 (location: C:\Users\20231170150028\Documents\GitHub\motores3pjd3v2026\Library\PackageCache\com.unity.modules.xr)
    com.unity.modules.subsystems@1.0.0 (location: C:\Users\20231170150028\Documents\GitHub\motores3pjd3v2026\Library\PackageCache\com.unity.modules.subsystems)
    com.unity.modules.hierarchycore@1.0.0 (location: C:\Users\20231170150028\Documents\GitHub\motores3pjd3v2026\Library\PackageCache\com.unity.modules.hierarchycore)
[Subsystems] No new subsystems found in resolved package list.
[Package Manager] Done registering packages in 0.00 seconds
AcceleratorClientConnectionCallback - disconnected - :0
[ScriptCompilation] Requested script compilation because: Assembly Definition File(s) changed
[ScriptCompilation] Requested script compilation because: AssetDatabase observed changes in script compilation related files
info: Microsoft.Hosting.Lifetime[14]
      Now listening on: http://localhost:80
info: Microsoft.Hosting.Lifetime[0]
      Application started. Press Ctrl+C to shut down.
info: Microsoft.Hosting.Lifetime[0]
      Hosting environment: Production
info: Microsoft.Hosting.Lifetime[0]
      Content root path: C:\Users\20231170150028\Documents\GitHub\motores3pjd3v2026
info: Microsoft.AspNetCore.Hosting.Diagnostics[1]
      Request starting HTTP/2 POST http://ilpp/UnityILPP.PostProcessing/Ping - application/grpc -
info: Microsoft.AspNetCore.Routing.EndpointMiddleware[0]
      Executing endpoint 'gRPC - /UnityILPP.PostProcessing/Ping'
info: Microsoft.AspNetCore.Routing.EndpointMiddleware[1]
      Executed endpoint 'gRPC - /UnityILPP.PostProcessing/Ping'
info: Microsoft.AspNetCore.Hosting.Diagnostics[2]
      Request finished HTTP/2 POST http://ilpp/UnityILPP.PostProcessing/Ping - 200 - application/grpc 37.4864ms
Starting: C:\Program Files\Unity\Hub\Editor\6000.5.5f1\Editor\Data\Tools\BuildPipeline\bee_backend.exe --ipc --defer-dag-verification --dagfile="Library/Bee/1900b0aE.dag" --continue-on-failure --profile="Library/Bee/backend1.traceevents" ScriptAssemblies
WorkingDir: C:/Users/20231170150028/Documents/GitHub/motores3pjd3v2026
ExitCode: 4 Duration: 0s59ms
[             ] Require frontend run.  Library/Bee/1900b0aE.dag couldn't be loaded
Starting: C:\Program Files\Unity\Hub\Editor\6000.5.5f1\Editor\Data\netcorerun\netcorerun.exe "C:\Program Files\Unity\Hub\Editor\6000.5.5f1\Editor\Data\Tools\BuildPipeline\ScriptCompilationBuildProgram.exe" "Library/Bee/1900b0aE.dag.json" "Library/Bee/1900b0aE-inputdata.json" "Library\Bee\buildprogram0.traceevents"
WorkingDir: C:/Users/20231170150028/Documents/GitHub/motores3pjd3v2026
ExitCode: 0 Duration: 0s359ms
Starting: C:\Program Files\Unity\Hub\Editor\6000.5.5f1\Editor\Data\Tools\BuildPipeline\bee_backend.exe --ipc --defer-dag-verification --dagfile="Library/Bee/1900b0aE.dag" --continue-on-failure --dagfilejson="Library\Bee\1900b0aE.dag.json" --profile="Library/Bee/backend2.traceevents" ScriptAssemblies
WorkingDir: C:/Users/20231170150028/Documents/GitHub/motores3pjd3v2026
ExitCode: 0 Duration: 5s223ms
Finished compiling graph: 189 nodes, 726 flattened edges (714 ToBuild, 4 ToUse), maximum node priority 24
[  1/186    0s] WriteText Library/Bee/artifacts/1900b0aE.dag/Unity.Multiplayer.Center.Common.rsp2
[  2/186    0s] WriteText Library/Bee/artifacts/1900b0aE.dag/Unity.Multiplayer.Center.Common.UnityAdditionalFile.txt
[  3/186    0s] MovedFromExtractor Library/Bee/artifacts/mvdfrm/UnityEngine.UnityConsentModule.dll_A04F3EF2C9FCD733.mvfrm
[  4/186    0s] MovedFromExtractor Library/Bee/artifacts/mvdfrm/UnityEditor.ContentLoadModule.dll_5A35D50BFF3FDE20.mvfrm
[  5/186    0s] MovedFromExtractor Library/Bee/artifacts/mvdfrm/UnityEditor.VisionOS.Extensions.dll_3FE99DB01C546E94.mvfrm
[  6/186    0s] MovedFromExtractor Library/Bee/artifacts/mvdfrm/UnityEditor.Apple.Extensions.Common.dll_05E1D8264E8C4F8F.mvfrm
[  7/186    0s] MovedFromExtractor Library/Bee/artifacts/mvdfrm/UnityEditor.UWP.Extensions.dll_3CAF224683D24629.mvfrm
[  8/186    0s] MovedFromExtractor Library/Bee/artifacts/mvdfrm/UnityEditor.iOS.Extensions.Xcode.dll_24132EE5788A0FF5.mvfrm
[  9/186    0s] MovedFromExtractor Library/Bee/artifacts/mvdfrm/UnityEditor.ClothModule.dll_EF4247F36CC40EFB.mvfrm
[ 10/186    0s] MovedFromExtractor Library/Bee/artifacts/mvdfrm/UnityEditor.WebGL.Extensions.dll_D9F97DDDC740FB4E.mvfrm
[ 11/186    0s] MovedFromExtractor Library/Bee/artifacts/mvdfrm/UnityEditor.iOS.Extensions.Xcode.dll_A5CDEC69206F0AFC.mvfrm
[ 12/186    0s] MovedFromExtractor Library/Bee/artifacts/mvdfrm/UnityEditor.AIModule.dll_BC9265A4733FEECB.mvfrm
[ 13/186    0s] MovedFromExtractor Library/Bee/artifacts/mvdfrm/UnityEditor.AccessibilityModule.dll_DB699B556620097F.mvfrm
[ 14/186    0s] MovedFromExtractor Library/Bee/artifacts/mvdfrm/UnityEditor.iOS.Extensions.Xcode.dll_744A9E16454729FA.mvfrm
[ 15/186    0s] MovedFromExtractor Library/Bee/artifacts/mvdfrm/UnityEditor.WindowsStandalone.Extensions.dll_BD47F7B50CF29B3E.mvfrm
[ 16/186    0s] MovedFromExtractor Library/Bee/artifacts/mvdfrm/UnityEditor.BuildProfileModule.dll_E61016419D865B1E.mvfrm
[ 17/186    0s] MovedFromExtractor Library/Bee/artifacts/mvdfrm/UnityEditor.iOS.Extensions.Xcode.dll_B3FB7DF9466D5B34.mvfrm
[ 18/186    0s] MovedFromExtractor Library/Bee/artifacts/mvdfrm/UnityEditor.Android.Extensions.dll_835A7D5131D9CDEA.mvfrm
[ 19/186    0s] MovedFromExtractor Library/Bee/artifacts/mvdfrm/Unity.Android.Gradle.dll_76A7618FCB55DB6A.mvfrm
[ 20/186    0s] MovedFromExtractor Library/Bee/artifacts/mvdfrm/UnityEditor.AssetComplianceModule.dll_53F6BDCE677F970C.mvfrm
[ 21/186    0s] MovedFromExtractor Library/Bee/artifacts/mvdfrm/UnityEditor.Apple.Extensions.Common.dll_161F4A66B8394D04.mvfrm
[ 22/186    0s] MovedFromExtractor Library/Bee/artifacts/mvdfrm/UnityEditor.iOS.Extensions.Common.dll_56AD76FCBEFD5847.mvfrm
[ 23/186    0s] MovedFromExtractor Library/Bee/artifacts/mvdfrm/UnityEditor.iOS.Extensions.dll_0CD34A208CDD19EE.mvfrm
[ 24/186    0s] MovedFromExtractor Library/Bee/artifacts/mvdfrm/UnityEditor.AdaptivePerformanceModule.dll_F15F0EFB8E5A3DEB.mvfrm
[ 25/186    0s] MovedFromExtractor Library/Bee/artifacts/mvdfrm/UnityEditor.OSXStandalone.Extensions.dll_79E14D23D2DF51E9.mvfrm
[ 26/186    0s] MovedFromExtractor Library/Bee/artifacts/mvdfrm/Unity.Android.Types.dll_F1A023D632CCAA72.mvfrm
[ 27/186    0s] MovedFromExtractor Library/Bee/artifacts/mvdfrm/UnityEditor.Apple.Extensions.Common.dll_5A2D450E33284675.mvfrm
[ 28/186    0s] MovedFromExtractor Library/Bee/artifacts/mvdfrm/Unity.Scripting.dll_552581879348FBDF.mvfrm
[ 29/186    0s] MovedFromExtractor Library/Bee/artifacts/mvdfrm/UnityEditor.LinuxStandalone.Extensions.dll_6328A9FFEDABE4EE.mvfrm
[ 30/186    0s] MovedFromExtractor Library/Bee/artifacts/mvdfrm/UnityEditor.AppleTV.Extensions.dll_6CCCF0C0A53A15FE.mvfrm
[ 31/186    0s] MovedFromExtractor Library/Bee/artifacts/mvdfrm/UnityEngine.dll_04B5B52EA3053E58.mvfrm
[ 32/186    0s] MovedFromExtractor Library/Bee/artifacts/mvdfrm/UnityEngine.WindModule.dll_C5367B5CED6B3A16.mvfrm
[ 33/186    0s] MovedFromExtractor Library/Bee/artifacts/mvdfrm/UnityEngine.VehiclesModule.dll_B59A30C94189DCA5.mvfrm
[ 34/186    0s] MovedFromExtractor Library/Bee/artifacts/mvdfrm/UnityEngine.UmbraModule.dll_C95B5375514B0C2F.mvfrm
[ 35/186    0s] MovedFromExtractor Library/Bee/artifacts/mvdfrm/UnityEngine.XRModule.dll_7C057EEB65F8FB18.mvfrm
[ 36/186    0s] MovedFromExtractor Library/Bee/artifacts/mvdfrm/UnityEngine.VectorGraphicsModule.dll_9F4761BA2120DF3C.mvfrm
[ 37/186    0s] MovedFromExtractor Library/Bee/artifacts/mvdfrm/UnityEngine.TerrainPhysicsModule.dll_087AD458A85D6380.mvfrm
[ 38/186    0s] MovedFromExtractor Library/Bee/artifacts/mvdfrm/UnityEngine.UnityWebRequestWWWModule.dll_05434AA71B7F9C15.mvfrm
[ 39/186    0s] MovedFromExtractor Library/Bee/artifacts/mvdfrm/UnityEngine.UnityWebRequestAssetBundleModule.dll_3AF000A9561DF900.mvfrm
[ 40/186    0s] MovedFromExtractor Library/Bee/artifacts/mvdfrm/UnityEngine.UnityWebRequestTextureModule.dll_58E68AC1362D8659.mvfrm
[ 41/186    0s] MovedFromExtractor Library/Bee/artifacts/mvdfrm/UnityEngine.TextRenderingModule.dll_0AE93648A9F79985.mvfrm
[ 42/186    0s] MovedFromExtractor Library/Bee/artifacts/mvdfrm/UnityEngine.UnityWebRequestModule.dll_9E5975ABE99812D6.mvfrm
[ 43/186    0s] MovedFromExtractor Library/Bee/artifacts/mvdfrm/UnityEditor.Graphs.dll_D843495042DED8B4.mvfrm
[ 44/186    0s] MovedFromExtractor Library/Bee/artifacts/mvdfrm/UnityEngine.UnityAnalyticsCommonModule.dll_81F895FDB8D1DBCA.mvfrm
[ 45/186    0s] MovedFromExtractor Library/Bee/artifacts/mvdfrm/UnityEngine.VFXModule.dll_0DA737351BD06A0E.mvfrm
[ 46/186    0s] MovedFromExtractor Library/Bee/artifacts/mvdfrm/UnityEngine.TilemapModule.dll_E9ADCA6A29A8E504.mvfrm
[ 47/186    0s] MovedFromExtractor Library/Bee/artifacts/mvdfrm/UnityEngine.VirtualTexturingModule.dll_13BDD08AF8B5000B.mvfrm
[ 48/186    0s] MovedFromExtractor Library/Bee/artifacts/mvdfrm/UnityEngine.UnityConnectModule.dll_CEA9A7C6BCF240E3.mvfrm
[ 49/186    0s] MovedFromExtractor Library/Bee/artifacts/mvdfrm/UnityEngine.UnityAnalyticsModule.dll_279F9C4F3B41BAEF.mvfrm
[ 50/186    0s] MovedFromExtractor Library/Bee/artifacts/mvdfrm/UnityEngine.TerrainModule.dll_4AB162E911EC03FB.mvfrm
[ 51/186    0s] MovedFromExtractor Library/Bee/artifacts/mvdfrm/UnityEngine.TextCoreTextEngineModule.dll_3A81054B2BBFDFA9.mvfrm
[ 52/186    0s] MovedFromExtractor Library/Bee/artifacts/mvdfrm/UnityEngine.UIModule.dll_F67495613B042842.mvfrm
[ 53/186    0s] MovedFromExtractor Library/Bee/artifacts/mvdfrm/UnityEngine.U2DRuntimeModule.dll_F7E5A42F95DB17DF.mvfrm
[ 54/186    0s] MovedFromExtractor Library/Bee/artifacts/mvdfrm/UnityEngine.UnityWebRequestAudioModule.dll_5EB62C9825540804.mvfrm
[ 55/186    0s] MovedFromExtractor Library/Bee/artifacts/mvdfrm/UnityEngine.TextCoreFontEngineModule.dll_F298CED99C3C268B.mvfrm
[ 56/186    0s] MovedFromExtractor Library/Bee/artifacts/mvdfrm/UnityEngine.UnityCurlModule.dll_279CB19BDEB79437.mvfrm
[ 57/186    0s] MovedFromExtractor Library/Bee/artifacts/mvdfrm/UnityEngine.VideoModule.dll_73902BC786B67C61.mvfrm
[ 58/186    0s] MovedFromExtractor Library/Bee/artifacts/mvdfrm/UnityEngine.UIElementsModule.dll_2B47B4D0C8ABDDC9.mvfrm
[ 59/186    0s] MovedFromExtractor Library/Bee/artifacts/mvdfrm/UnityEngine.SubstanceModule.dll_85C01204097E5796.mvfrm
[ 60/186    0s] MovedFromExtractor Library/Bee/artifacts/mvdfrm/UnityEngine.PropertiesModule.dll_006AB9B548B38881.mvfrm
[ 61/186    0s] MovedFromExtractor Library/Bee/artifacts/mvdfrm/UnityEngine.StreamingModule.dll_A914FDBABE2B5988.mvfrm
[ 62/186    0s] MovedFromExtractor Library/Bee/artifacts/mvdfrm/UnityEngine.SharedInternalsModule.dll_10CBACD755D173A7.mvfrm
[ 63/186    0s] MovedFromExtractor Library/Bee/artifacts/mvdfrm/UnityEngine.SubsystemsModule.dll_27095368C57FA1D2.mvfrm
[ 64/186    0s] MovedFromExtractor Library/Bee/artifacts/mvdfrm/UnityEngine.SpriteMaskModule.dll_BC5BED06F737B9BF.mvfrm
[ 65/186    0s] MovedFromExtractor Library/Bee/artifacts/mvdfrm/UnityEngine.PhysicsBackendPhysXModule.dll_8C028B3EAC5BD3AF.mvfrm
[ 66/186    0s] MovedFromExtractor Library/Bee/artifacts/mvdfrm/UnityEngine.LocalizationModule.dll_9F3363200B6E05F7.mvfrm
[ 67/186    0s] MovedFromExtractor Library/Bee/artifacts/mvdfrm/UnityEngine.SpriteShapeModule.dll_E04678B4F8997EC2.mvfrm
[ 68/186    0s] MovedFromExtractor Library/Bee/artifacts/mvdfrm/UnityEngine.ScreenCaptureModule.dll_E1A9C43DF2C01990.mvfrm
[ 69/186    0s] MovedFromExtractor Library/Bee/artifacts/mvdfrm/UnityEngine.RuntimeInitializeOnLoadManagerInitializerModule.dll_FC40F4CBD55C48A8.mvfrm
[ 70/186    0s] MovedFromExtractor Library/Bee/artifacts/mvdfrm/UnityEngine.ShaderVariantAnalyticsModule.dll_19A0A871E1F9C1D4.mvfrm
[ 71/186    0s] MovedFromExtractor Library/Bee/artifacts/mvdfrm/UnityEngine.PhysicsModule.dll_306AE77A3C2DBB0D.mvfrm
[ 72/186    0s] MovedFromExtractor Library/Bee/artifacts/mvdfrm/UnityEngine.RenderAs2DModule.dll_41A27C3B280DD2B8.mvfrm
[ 73/186    0s] MovedFromExtractor Library/Bee/artifacts/mvdfrm/UnityEngine.MathematicsModule.dll_EBF9F933B76F3DEC.mvfrm
[ 74/186    0s] MovedFromExtractor Library/Bee/artifacts/mvdfrm/UnityEngine.InputModule.dll_B4FC6F0D3A5C8560.mvfrm
[ 75/186    0s] MovedFromExtractor Library/Bee/artifacts/mvdfrm/UnityEngine.PerformanceReportingModule.dll_E6B9D8B99EE93D6C.mvfrm
[ 76/186    0s] MovedFromExtractor Library/Bee/artifacts/mvdfrm/UnityEngine.Physics2DModule.dll_4126005B0FA099DF.mvfrm
[ 77/186    0s] MovedFromExtractor Library/Bee/artifacts/mvdfrm/UnityEngine.MultiplayerModule.dll_468D67E6FBBED430.mvfrm
[ 78/186    0s] MovedFromExtractor Library/Bee/artifacts/mvdfrm/UnityEngine.InsightsModule.dll_D79DFFDA51DD5C89.mvfrm
[ 79/186    0s] MovedFromExtractor Library/Bee/artifacts/mvdfrm/UnityEngine.InputLegacyModule.dll_582A6678DAE8FCA9.mvfrm
[ 80/186    0s] MovedFromExtractor Library/Bee/artifacts/mvdfrm/UnityEngine.MarshallingModule.dll_6F4DE9EF271F740A.mvfrm
[ 81/186    0s] MovedFromExtractor Library/Bee/artifacts/mvdfrm/UnityEngine.ParticleSystemModule.dll_08002B858F1A68F3.mvfrm
[ 82/186    0s] MovedFromExtractor Library/Bee/artifacts/mvdfrm/UnityEngine.TLSModule.dll_8CC89EC6456300A1.mvfrm
[ 83/186    0s] MovedFromExtractor Library/Bee/artifacts/mvdfrm/UnityEngine.PhysicsCore2DModule.dll_556E65283DBD818E.mvfrm
[ 84/186    0s] MovedFromExtractor Library/Bee/artifacts/mvdfrm/UnityEngine.InputForUIModule.dll_D5E1D49035E8C101.mvfrm
[ 85/186    0s] MovedFromExtractor Library/Bee/artifacts/mvdfrm/UnityEngine.JSONSerializeModule.dll_C7C216B8DE53ED2E.mvfrm
[ 86/186    0s] MovedFromExtractor Library/Bee/artifacts/mvdfrm/UnityEngine.ScriptingModule.dll_0BA16930EE2B50FD.mvfrm
[ 87/186    0s] MovedFromExtractor Library/Bee/artifacts/mvdfrm/UnityEngine.GameCenterModule.dll_D32F7A76D5C82445.mvfrm
[ 88/186    0s] MovedFromExtractor Library/Bee/artifacts/mvdfrm/UnityEngine.GIModule.dll_933D40417A6C0AB0.mvfrm
[ 89/186    0s] MovedFromExtractor Library/Bee/artifacts/mvdfrm/UnityEngine.GraphicsStateCollectionSerializerModule.dll_D96B7F7A59277BCC.mvfrm
[ 90/186    0s] MovedFromExtractor Library/Bee/artifacts/mvdfrm/UnityEngine.GridModule.dll_2C58BC22748951A4.mvfrm
[ 91/186    0s] MovedFromExtractor Library/Bee/artifacts/mvdfrm/UnityEngine.IdentifiersModule.dll_9F6ED350057014D0.mvfrm
[ 92/186    0s] MovedFromExtractor Library/Bee/artifacts/mvdfrm/UnityEngine.HotReloadModule.dll_75C8CE7049D6BDCC.mvfrm
[ 93/186    0s] MovedFromExtractor Library/Bee/artifacts/mvdfrm/UnityEngine.ImageConversionModule.dll_8CBA6E01DEA37857.mvfrm
[ 94/186    0s] MovedFromExtractor Library/Bee/artifacts/mvdfrm/UnityEngine.IMGUIModule.dll_86E646C38A55F49D.mvfrm
[ 95/186    0s] MovedFromExtractor Library/Bee/artifacts/mvdfrm/UnityEngine.HierarchyCoreModule.dll_DEC52A574DC5E59A.mvfrm
[ 96/186    0s] MovedFromExtractor Library/Bee/artifacts/mvdfrm/UnityEngine.AccessibilityModule.dll_67AA8D7CDF188CA4.mvfrm
[ 97/186    0s] MovedFromExtractor Library/Bee/artifacts/mvdfrm/UnityEngine.ContentLoadModule.dll_5FFBA49B1179EEA5.mvfrm
[ 98/186    0s] MovedFromExtractor Library/Bee/artifacts/mvdfrm/UnityEngine.ClusterInputModule.dll_60E698CD73F212FE.mvfrm
[ 99/186    0s] MovedFromExtractor Library/Bee/artifacts/mvdfrm/UnityEngine.AndroidJNIModule.dll_A8E2305C0F873354.mvfrm
[100/186    0s] MovedFromExtractor Library/Bee/artifacts/mvdfrm/UnityEditor.XRModule.dll_3D96ED5BFA7BC74D.mvfrm
[101/186    0s] MovedFromExtractor Library/Bee/artifacts/mvdfrm/UnityEngine.CrashReportingModule.dll_B4EDE2392108DD65.mvfrm
[102/186    0s] MovedFromExtractor Library/Bee/artifacts/mvdfrm/UnityEngine.ARModule.dll_B473BC373BDA815F.mvfrm
[103/186    0s] MovedFromExtractor Library/Bee/artifacts/mvdfrm/UnityEngine.ClothModule.dll_B56F04579E413FA0.mvfrm
[104/186    0s] MovedFromExtractor Library/Bee/artifacts/mvdfrm/UnityEngine.DSPGraphModule.dll_432898B339C0DE2B.mvfrm
[105/186    0s] MovedFromExtractor Library/Bee/artifacts/mvdfrm/UnityEngine.AIModule.dll_FB00F733DEBD2296.mvfrm
[106/186    0s] MovedFromExtractor Library/Bee/artifacts/mvdfrm/UnityEditor.dll_D2116E564491B173.mvfrm
[107/186    0s] MovedFromExtractor Library/Bee/artifacts/mvdfrm/UnityEditor.VideoModule.dll_AD636F6355394BBC.mvfrm
[108/186    0s] MovedFromExtractor Library/Bee/artifacts/mvdfrm/UnityEngine.AdaptivePerformanceModule.dll_B1EEA3B1C99F90F0.mvfrm
[109/186    0s] MovedFromExtractor Library/Bee/artifacts/mvdfrm/UnityEngine.AudioModule.dll_4E86A75CC42460BC.mvfrm
[110/186    0s] MovedFromExtractor Library/Bee/artifacts/mvdfrm/UnityEngine.AnimationModule.dll_F480106A6EA3A24A.mvfrm
[111/186    0s] MovedFromExtractor Library/Bee/artifacts/mvdfrm/UnityEngine.AssetBundleModule.dll_C6E54B5A42F746B8.mvfrm
[112/186    0s] MovedFromExtractor Library/Bee/artifacts/mvdfrm/UnityEngine.ClusterRendererModule.dll_20C870515C7EC063.mvfrm
[113/186    0s] MovedFromExtractor Library/Bee/artifacts/mvdfrm/UnityEngine.DirectorModule.dll_3DD73749C7600D0A.mvfrm
[114/186    0s] MovedFromExtractor Library/Bee/artifacts/mvdfrm/UnityEngine.CoreModule.dll_4EE7A0345C34BBAD.mvfrm
[115/186    0s] MovedFromExtractor Library/Bee/artifacts/mvdfrm/UnityEditor.U2DModule.dll_2D5E3FC4E1BCBC68.mvfrm
[116/186    0s] MovedFromExtractor Library/Bee/artifacts/mvdfrm/UnityEditor.UIElementsModule.dll_2A994788C667C47E.mvfrm
[117/186    0s] MovedFromExtractor Library/Bee/artifacts/mvdfrm/UnityEditor.VFXModule.dll_018594E1AC205C09.mvfrm
[118/186    0s] MovedFromExtractor Library/Bee/artifacts/mvdfrm/UnityEditor.TextCoreTextEngineModule.dll_BC2189F818C220DE.mvfrm
[119/186    0s] MovedFromExtractor Library/Bee/artifacts/mvdfrm/UnityEditor.UIElementsSamplesModule.dll_A978B9F13E4B6ECF.mvfrm
[120/186    0s] MovedFromExtractor Library/Bee/artifacts/mvdfrm/UnityEditor.UIAutomationModule.dll_96B1053239FA23DE.mvfrm
[121/186    0s] MovedFromExtractor Library/Bee/artifacts/mvdfrm/UnityEditor.TilemapModule.dll_F73311BFC499FDBF.mvfrm
[122/186    0s] MovedFromExtractor Library/Bee/artifacts/mvdfrm/UnityEditor.SceneViewModule.dll_64AA774989699AB2.mvfrm
[123/186    0s] MovedFromExtractor Library/Bee/artifacts/mvdfrm/UnityEditor.UmbraModule.dll_032E97111FCDDB8A.mvfrm
[124/186    0s] MovedFromExtractor Library/Bee/artifacts/mvdfrm/UnityEditor.VectorGraphicsModule.dll_E423001F05344B31.mvfrm
[125/186    0s] MovedFromExtractor Library/Bee/artifacts/mvdfrm/UnityEditor.UnityConnectModule.dll_E14A23B7C26A4038.mvfrm
[126/186    0s] MovedFromExtractor Library/Bee/artifacts/mvdfrm/UnityEditor.ShaderBuildSettingsModule.dll_F98555A461596F2D.mvfrm
[127/186    0s] MovedFromExtractor Library/Bee/artifacts/mvdfrm/UnityEditor.UIBuilderModule.dll_7A83415E06FF46D8.mvfrm
[128/186    0s] MovedFromExtractor Library/Bee/artifacts/mvdfrm/UnityEditor.SubstanceModule.dll_CFDA211B23FEA5B1.mvfrm
[129/186    0s] MovedFromExtractor Library/Bee/artifacts/mvdfrm/UnityEditor.ShaderCompilationModule.dll_B5471C69214F639F.mvfrm
[130/186    0s] MovedFromExtractor Library/Bee/artifacts/mvdfrm/UnityEditor.TextCoreFontEngineModule.dll_74395386893E67C0.mvfrm
[131/186    0s] MovedFromExtractor Library/Bee/artifacts/mvdfrm/UnityEditor.SafeModeModule.dll_42C074C943953583.mvfrm
[132/186    0s] MovedFromExtractor Library/Bee/artifacts/mvdfrm/UnityEditor.SketchUpModule.dll_2AD55A198EC6D19A.mvfrm
[133/186    0s] MovedFromExtractor Library/Bee/artifacts/mvdfrm/UnityEditor.TreeModule.dll_8972C1F03BF4E5C1.mvfrm
[134/186    0s] MovedFromExtractor Library/Bee/artifacts/mvdfrm/UnityEditor.TextRenderingModule.dll_7EA8442130FF1660.mvfrm
[135/186    0s] MovedFromExtractor Library/Bee/artifacts/mvdfrm/UnityEditor.SpriteShapeModule.dll_DA80A925E65F6E3D.mvfrm
[136/186    0s] MovedFromExtractor Library/Bee/artifacts/mvdfrm/UnityEditor.UIToolkitAuthoringModule.dll_A78FE813A7C4EB80.mvfrm
[137/186    0s] MovedFromExtractor Library/Bee/artifacts/mvdfrm/UnityEditor.SceneTemplateModule.dll_350521E5DEA26507.mvfrm
[138/186    0s] MovedFromExtractor Library/Bee/artifacts/mvdfrm/UnityEditor.SpriteMaskModule.dll_BBAD7FBEF4F3A074.mvfrm
[139/186    0s] MovedFromExtractor Library/Bee/artifacts/mvdfrm/UnityEditor.QuickSearchModule.dll_82FC1868E09091C6.mvfrm
[140/186    0s] MovedFromExtractor Library/Bee/artifacts/mvdfrm/UnityEditor.ShaderFoundryModule.dll_73E4F2290151E195.mvfrm
[141/186    0s] MovedFromExtractor Library/Bee/artifacts/mvdfrm/UnityEditor.QuickInstallModule.dll_C4EF6480DF0CC951.mvfrm
[142/186    0s] WriteText Library/Bee/artifacts/1900b0aE.dag/Unity.Multiplayer.Center.Common.dll.mvfrm.rsp
[143/186    0s] WriteText Library/Bee/artifacts/1900b0aE.dag/Unity.Multiplayer.Center.Common.rsp
[144/186    0s] MovedFromExtractor Library/Bee/artifacts/mvdfrm/UnityEditor.TerrainModule.dll_5836AA3EACDD1CB6.mvfrm
[145/186    0s] MovedFromExtractor Library/Bee/artifacts/mvdfrm/UnityEditor.MathematicsModule.dll_E63429A4A5352D67.mvfrm
[146/186    0s] MovedFromExtractor Library/Bee/artifacts/mvdfrm/UnityEditor.GraphicsStateCollectionSerializerModule.dll_D077B28A8C283267.mvfrm
[147/186    0s] WriteText Library/Bee/artifacts/1900b0aE.dag/Unity.Multiplayer.Center.Editor.rsp2
[148/186    0s] WriteText Library/Bee/artifacts/1900b0aE.dag/Unity.Multiplayer.Center.Editor.UnityAdditionalFile.txt
[149/186    0s] WriteText Library/Bee/artifacts/1900b0aE.dag/Unity.Multiplayer.Center.Editor.dll.mvfrm.rsp
[150/186    0s] WriteText Library/Bee/artifacts/1900b0aE.dag/Unity.Multiplayer.Center.Editor.rsp
[151/186    0s] MovedFromExtractor Library/Bee/artifacts/mvdfrm/UnityEditor.MediaModule.dll_541A048A10F3B8A5.mvfrm
[152/186    0s] MovedFromExtractor Library/Bee/artifacts/mvdfrm/UnityEditor.CoreBusinessMetricsModule.dll_714A0875B4A16CE5.mvfrm
[153/186    0s] MovedFromExtractor Library/Bee/artifacts/mvdfrm/UnityEditor.PlayModeModule.dll_88B46682E25E44EA.mvfrm
[154/186    0s] MovedFromExtractor Library/Bee/artifacts/mvdfrm/UnityEditor.PhysicsCore2DModule.dll_C92D7300C4C4FE69.mvfrm
[155/186    0s] MovedFromExtractor Library/Bee/artifacts/mvdfrm/UnityEditor.PhysicsModule.dll_3DF02ECFD71ED3C8.mvfrm
[156/186    0s] MovedFromExtractor Library/Bee/artifacts/mvdfrm/UnityEditor.PropertiesModule.dll_FFBC4C6D466F6F36.mvfrm
[157/186    0s] MovedFromExtractor Library/Bee/artifacts/mvdfrm/UnityEditor.HierarchyModule.dll_136E9B1D52260C66.mvfrm
[158/186    0s] MovedFromExtractor Library/Bee/artifacts/mvdfrm/UnityEditor.ProjectAuditorModule.dll_9790744FC7C69A48.mvfrm
[159/186    0s] MovedFromExtractor Library/Bee/artifacts/mvdfrm/UnityEditor.GenericRemoteModule.dll_716AF130C7C4327E.mvfrm
[160/186    0s] MovedFromExtractor Library/Bee/artifacts/mvdfrm/UnityEditor.GridAndSnapModule.dll_01A57DDD0B1E525C.mvfrm
[161/186    0s] MovedFromExtractor Library/Bee/artifacts/mvdfrm/UnityEditor.MultiplayerModule.dll_40C79857E984C3AB.mvfrm
[162/186    0s] MovedFromExtractor Library/Bee/artifacts/mvdfrm/UnityEditor.GIModule.dll_54CEAEB20EEED6E5.mvfrm
[163/186    0s] MovedFromExtractor Library/Bee/artifacts/mvdfrm/UnityEditor.DiagnosticsModule.dll_F7EC975B87B9956D.mvfrm
[164/186    0s] MovedFromExtractor Library/Bee/artifacts/mvdfrm/UnityEditor.Physics2DModule.dll_8B400F722A20E7FA.mvfrm
[165/186    0s] MovedFromExtractor Library/Bee/artifacts/mvdfrm/UnityEditor.EmbreeModule.dll_B3886CD17733BD0B.mvfrm
[166/186    0s] MovedFromExtractor Library/Bee/artifacts/mvdfrm/UnityEditor.GridModule.dll_0937E8CFCC83E679.mvfrm
[167/186    0s] MovedFromExtractor Library/Bee/artifacts/mvdfrm/UnityEditor.EditorToolbarModule.dll_1165B127DFB5BACF.mvfrm
[168/186    0s] MovedFromExtractor Library/Bee/artifacts/mvdfrm/UnityEditor.PresetsUIModule.dll_E160CD23969F25A9.mvfrm
[169/186    0s] MovedFromExtractor Library/Bee/artifacts/mvdfrm/UnityEngine.AMDModule.dll_8E38DB611E32854E.mvfrm
[170/186    0s] MovedFromExtractor Library/Bee/artifacts/mvdfrm/UnityEditor.LightingModule.dll_3CC7EC459680FEAF.mvfrm
[171/186    0s] MovedFromExtractor Library/Bee/artifacts/mvdfrm/UnityEngine.NVIDIAModule.dll_0B9984B8D4D0D7B9.mvfrm
[172/186    0s] MovedFromExtractor Library/Bee/artifacts/mvdfrm/UnityEditor.DeviceSimulatorModule.dll_1B1BADDFECC3B2DF.mvfrm
[173/186    0s] MovedFromExtractor Library/Bee/artifacts/mvdfrm/UnityEditor.GraphViewModule.dll_25FA94419446CDA4.mvfrm
[174/186    0s] MovedFromExtractor Library/Bee/artifacts/mvdfrm/UnityEditor.GraphToolkitModule.dll_01ECFAEC8E3589A3.mvfrm
[175/186    0s] MovedFromExtractor Library/Bee/artifacts/mvdfrm/UnityEngine.HierarchyModule.dll_C9548C0637A5BE4B.mvfrm
[176/186    0s] MovedFromExtractor Library/Bee/artifacts/mvdfrm/UnityEditor.CoreModule.dll_2BC6CCE1B42F5082.mvfrm
[177/186    0s] MovedFromExtractor-Combine Library/Bee/artifacts/1900b0aE.dag/Unity.Multiplayer.Center.Common.dll.mvfrm
[           0s] Csc Library/Bee/artifacts/1900b0aE.dag/Unity.Multiplayer.Center.Common.dll (+2 others) [CacheMiss 02868b0d76c57176dd0ea6f5df16ecf500000000000000000000000000000006]
[178/186    1s] Csc Library/Bee/artifacts/1900b0aE.dag/Unity.Multiplayer.Center.Common.dll (+2 others)
[           0s] Csc Library/Bee/artifacts/1900b0aE.dag/Unity.Multiplayer.Center.Common.dll (+2 others) [CacheWrite 02868b0d76c57176dd0ea6f5df16ecf500000000000000000000000000000006]
[179/186    0s] CopyFiles Library/ScriptAssemblies/Unity.Multiplayer.Center.Common.pdb
[180/186    0s] CopyFiles Library/ScriptAssemblies/Unity.Multiplayer.Center.Common.dll
[181/186    0s] MovedFromExtractor Library/Bee/artifacts/mvdfrm/Unity.Multiplayer.Center.Common.ref.dll_EE36537354EA42C8.mvfrm
[182/186    0s] MovedFromExtractor-Combine Library/Bee/artifacts/1900b0aE.dag/Unity.Multiplayer.Center.Editor.dll.mvfrm
[           0s] Csc Library/Bee/artifacts/1900b0aE.dag/Unity.Multiplayer.Center.Editor.dll (+2 others) [CacheMiss c8e91ab7c41c97236b58d991705943cb00000000000000000000000000000006]
[183/186    0s] Csc Library/Bee/artifacts/1900b0aE.dag/Unity.Multiplayer.Center.Editor.dll (+2 others)
[           0s] Csc Library/Bee/artifacts/1900b0aE.dag/Unity.Multiplayer.Center.Editor.dll (+2 others) [CacheWrite c8e91ab7c41c97236b58d991705943cb00000000000000000000000000000006]
[184/186    0s] CopyFiles Library/ScriptAssemblies/Unity.Multiplayer.Center.Editor.pdb
[185/186    0s] CopyFiles Library/ScriptAssemblies/Unity.Multiplayer.Center.Editor.dll
*** Tundra build success (5.18 seconds), 185 items updated, 186 evaluated
Total cache size 238524
Total cache size after purge 238524, took 00:00:00.0094161
AssetDatabase: script compilation time: 6.272554s
Begin MonoManager ReloadAssembly
Importing 'GUID: 00000000000000001000000000000000 - Path: Assets' with importer (DefaultImporter)
Imported 'GUID: 00000000000000001000000000000000' -> (Import Result ID: '738cbbd604dc2195b6321aa19a8f34f1') in 0.018 seconds [static dependencies only]. Details - ImportResultOutputID=931399766a3d35f20ee4474945b75a67 DependenciesID=6ef059e16f77d89b65de4395ffdd5ce7 StaticDependenciesID=021a196fb38bf0e383cdb5199031682f 
Importing 'GUID: 00000000000000002000000000000000 - Path: ProjectSettings/InputManager.asset' with importer (LibraryAssetImporter)
Imported 'GUID: 00000000000000002000000000000000' -> (Import Result ID: '066489c8afb6c38ba445ee068d1b1ddc') in 0.003 seconds [static dependencies only]. Details - ImportResultOutputID=0290babc70dea6fa2c98f564a251f1f8 DependenciesID=96b9d86faebbda27390899bf82e6a4fe StaticDependenciesID=a819cc153f9a909a1659e9d6be4ee3ff 
Importing 'GUID: 00000000000000003000000000000000 - Path: ProjectSettings/TagManager.asset' with importer (LibraryAssetImporter)
Imported 'GUID: 00000000000000003000000000000000' -> (Import Result ID: '0bbec23a6e25bf2a1e3a4193cab14c78') in 0.000 seconds [static dependencies only]. Details - ImportResultOutputID=fd6696bcbef029973bb12ace65e33982 DependenciesID=d27284f49037644be5128a4d2aaacf61 StaticDependenciesID=375832bd3beff761901d315947853e68 
Importing 'GUID: 00000000000000004000000000000000 - Path: ProjectSettings/ProjectSettings.asset' with importer (LibraryAssetImporter)
Imported 'GUID: 00000000000000004000000000000000' -> (Import Result ID: 'ad7aa26f560760400fd46487de4154d4') in 0.000 seconds [static dependencies only]. Details - ImportResultOutputID=276a810dac73e1f29404d5e5f692e214 DependenciesID=8608f3bace85006dcf80704ca7cc57a4 StaticDependenciesID=58c439585968c7b5bec88f214adc0437 
Importing 'GUID: 00000000000000006000000000000000 - Path: ProjectSettings/AudioManager.asset' with importer (LibraryAssetImporter)
Imported 'GUID: 00000000000000006000000000000000' -> (Import Result ID: '267fe03007c6632b7379b56c633b722d') in 0.000 seconds [static dependencies only]. Details - ImportResultOutputID=acca44841ee8003c72d524064efb6e35 DependenciesID=a71a58753d87cd72fe767341614d2166 StaticDependenciesID=e96d5e218a01b19b3672dd88e6cf87a1 
Importing 'GUID: 00000000000000007000000000000000 - Path: ProjectSettings/TimeManager.asset' with importer (LibraryAssetImporter)
Imported 'GUID: 00000000000000007000000000000000' -> (Import Result ID: '0a60df3c20d93b723ae0b35ded6c2a63') in 0.000 seconds [static dependencies only]. Details - ImportResultOutputID=bcbe57e6eed4f14d697ceae3e9a4ee48 DependenciesID=50b65264b9bb240314e092a3620af00b StaticDependenciesID=47e7cd4ba931b595a0bce618b57fd01d 
Importing 'GUID: 00000000000000008000000000000000 - Path: ProjectSettings/DynamicsManager.asset' with importer (LibraryAssetImporter)
Imported 'GUID: 00000000000000008000000000000000' -> (Import Result ID: '8c39dfc106d14f454d5eed96a01f09ef') in 0.000 seconds [static dependencies only]. Details - ImportResultOutputID=af765d07e318cf68f695edacf91778bd DependenciesID=96cd3a6d0e6f9e553dfc151bfbd425ad StaticDependenciesID=cbf873b669c4d05db3381e0a4f9b9bcf 
Importing 'GUID: 00000000000000009000000000000000 - Path: ProjectSettings/QualitySettings.asset' with importer (LibraryAssetImporter)
Imported 'GUID: 00000000000000009000000000000000' -> (Import Result ID: '9a10a44ea2899d5322e76596960c0c12') in 0.000 seconds [static dependencies only]. Details - ImportResultOutputID=7b12711da11c94ad897442b4820d3f7b DependenciesID=4b9edf5a6fde83c7e59ce271cd623904 StaticDependenciesID=2d78082e6b042ac96c9e20b6e6e81f2d 
Importing 'GUID: 0000000000000000b000000000000000 - Path: ProjectSettings/EditorBuildSettings.asset' with importer (LibraryAssetImporter)
Imported 'GUID: 0000000000000000b000000000000000' -> (Import Result ID: '1976f1da007a54f5ec829fa181acae5a') in 0.000 seconds [static dependencies only]. Details - ImportResultOutputID=4647dd083cfc32cebcd7526e8846440c DependenciesID=48fa7c81d1dfcac113c1e020e921b4a8 StaticDependenciesID=ff4539931f826b5963d91bb0c7cd2573 
Importing 'GUID: 0000000000000000c000000000000000 - Path: ProjectSettings/EditorSettings.asset' with importer (LibraryAssetImporter)
Imported 'GUID: 0000000000000000c000000000000000' -> (Import Result ID: '2d8b7fd4968bbb6dfe766d38bd53ac12') in 0.000 seconds [static dependencies only]. Details - ImportResultOutputID=fc08cc28cef36a03227c22ef67b54535 DependenciesID=ef0ff3764afc9ab7f39669b4e5295efd StaticDependenciesID=14d278539afd16546ac01db045c2415a 
Importing 'GUID: 00000000000000004100000000000000 - Path: ProjectSettings/NavMeshAreas.asset' with importer (LibraryAssetImporter)
Imported 'GUID: 00000000000000004100000000000000' -> (Import Result ID: 'e31f50702c7b8e68dd2168fe8bd964ea') in 0.000 seconds [static dependencies only]. Details - ImportResultOutputID=90afd57cd2fd79df9534381ff5673272 DependenciesID=1ac24e485698ab387aef910ba13b9e8f StaticDependenciesID=a2a3ab8c7d0fbb3870236fae267ea2f9 
Importing 'GUID: 00000000000000005100000000000000 - Path: ProjectSettings/Physics2DSettings.asset' with importer (LibraryAssetImporter)
Imported 'GUID: 00000000000000005100000000000000' -> (Import Result ID: '6f6946c701cae6c8d3565647c9af0adb') in 0.000 seconds [static dependencies only]. Details - ImportResultOutputID=51a8098361d5b0c1ab07bfc06e51f152 DependenciesID=a3c6a2585dd089b2e6472ccf0702028e StaticDependenciesID=8fa4e4cbc19fa8820d725e5e587dba6b 
Importing 'GUID: 00000000000000006100000000000000 - Path: ProjectSettings/GraphicsSettings.asset' with importer (LibraryAssetImporter)
Imported 'GUID: 00000000000000006100000000000000' -> (Import Result ID: '7a23f80f411141dc37556db30f91af55') in 0.000 seconds [static dependencies only]. Details - ImportResultOutputID=f9600466f06a676b7a4f639f6629ea48 DependenciesID=2ba9bbcac9d1b84708b03de9f843c22f StaticDependenciesID=dd4040f597ea466151ba18309e4ff41b 
Importing 'GUID: 00000000000000007100000000000000 - Path: ProjectSettings/ClusterInputManager.asset' with importer (LibraryAssetImporter)
Imported 'GUID: 00000000000000007100000000000000' -> (Import Result ID: '98df8fe07f74a43636e12ba0b1dff325') in 0.000 seconds [static dependencies only]. Details - ImportResultOutputID=8ce0cedd10b8cd8471ed9838bfc872ed DependenciesID=301d2e79b9cea8c2e09ddfe7eb603702 StaticDependenciesID=a4e674332c32893975d6fb27021957ee 
Importing 'GUID: 0000000000000000a100000000000000 - Path: ProjectSettings/UnityConnectSettings.asset' with importer (LibraryAssetImporter)
Imported 'GUID: 0000000000000000a100000000000000' -> (Import Result ID: '2634e3eb62b3fca8d90b10940f3b2c5e') in 0.000 seconds [static dependencies only]. Details - ImportResultOutputID=1989c27f310e62ee2c72d63f16a698d0 DependenciesID=17dacb10d1b65a95821e1a79ebdbcde5 StaticDependenciesID=bc8eee46cb26771f9c0a8ef851e008b6 
Importing 'GUID: 0000000000000000b100000000000000 - Path: ProjectSettings/PresetManager.asset' with importer (LibraryAssetImporter)
Imported 'GUID: 0000000000000000b100000000000000' -> (Import Result ID: 'eff0b076cc50aa251a41c786a59fa98b') in 0.000 seconds [static dependencies only]. Details - ImportResultOutputID=d271a469f14af9d29dbd89abc966f7ef DependenciesID=c09356504a645f13590159c4dd0e0dde StaticDependenciesID=df9d007f7f046b433cd723615d666307 
Importing 'GUID: 0000000000000000c100000000000000 - Path: ProjectSettings/VFXManager.asset' with importer (LibraryAssetImporter)
Imported 'GUID: 0000000000000000c100000000000000' -> (Import Result ID: '71922488826273df871f003f093a936c') in 0.000 seconds [static dependencies only]. Details - ImportResultOutputID=d5b1cc1b236d3087c4a5fc9e9cb18618 DependenciesID=ed8958b0d19e15ae5904deb4308242d7 StaticDependenciesID=137e8b8e1996c5471f6058ca4efd87d7 
Importing 'GUID: 0000000000000000d100000000000000 - Path: ProjectSettings/VersionControlSettings.asset' with importer (LibraryAssetImporter)
Imported 'GUID: 0000000000000000d100000000000000' -> (Import Result ID: 'd27f353fbd4ff1f73b0687b74f5d991f') in 0.000 seconds [static dependencies only]. Details - ImportResultOutputID=0a19189542c4b1aa9afad4d76b36cbef DependenciesID=f00364dcb6cb50f2625ab809a5979749 StaticDependenciesID=311985edc9778dea0eea5a80fb8121ad 
Importing 'GUID: 0000000000000000f100000000000000 - Path: ProjectSettings/MemorySettings.asset' with importer (LibraryAssetImporter)
Imported 'GUID: 0000000000000000f100000000000000' -> (Import Result ID: 'd2c0e5a0c47587b96859ecb79a41c9ab') in 0.000 seconds [static dependencies only]. Details - ImportResultOutputID=078c9215d0d3f7dcc6c2ea9c2e21e93e DependenciesID=7e9bcdb8fcdaf4bf9ecb2aaaaae84b08 StaticDependenciesID=e04556c3a58344066f969a6b932b1ed8 
Importing 'GUID: 00000000000000000200000000000000 - Path: ProjectSettings/MultiplayerManager.asset' with importer (LibraryAssetImporter)
Imported 'GUID: 00000000000000000200000000000000' -> (Import Result ID: 'c9f9a55c6b21646b674230215e04698d') in 0.000 seconds [static dependencies only]. Details - ImportResultOutputID=cc8bc420ff0fb13a9534be625b324364 DependenciesID=28864cc60eb647eb9d009809daf565a6 StaticDependenciesID=8f9e3c2c7511546a36b486c4d19fa0a5 
Importing 'GUID: 00000000000000001200000000000000 - Path: ProjectSettings/PhysicsCoreProjectSettings2D.asset' with importer (LibraryAssetImporter)
Imported 'GUID: 00000000000000001200000000000000' -> (Import Result ID: 'e35c32b4147096ac983c198680c6d41c') in 0.000 seconds [static dependencies only]. Details - ImportResultOutputID=07b8874da21d0d67c4347d012422ba62 DependenciesID=14f16869a4b7b615a31502a3b18404b9 StaticDependenciesID=c379bb28f8ef25e6cea6bb5c10bd415a 
Importing 'GUID: 00000000000000002300000000000000 - Path: Library/BuildInstructions' with importer (DefaultImporter)
Imported 'GUID: 00000000000000002300000000000000' -> (Import Result ID: '622a8fd548d91ef719400ddc42467044') in 0.001 seconds [static dependencies only]. Details - ImportResultOutputID=d2da4dbe7433590953d90148eb4e1f22 DependenciesID=8a94f9095adb7389af01fc576c08004e StaticDependenciesID=ae1c4908a8fb44c52d73aa775822d0f3 
Importing 'GUID: c060426bfd6e82575228df6656368eaa - Path: Packages/com.unity.modules.imgui' with importer (DefaultImporter)
Imported 'GUID: c060426bfd6e82575228df6656368eaa' -> (Import Result ID: 'c03191d9700d867c6a9aae555f02173b') in 0.001 seconds [static dependencies only]. Details - ImportResultOutputID=dcc23da4b16b268ee6e83200b7ebb805 DependenciesID=071b8244e916ba1f8bc0d9e9172f4f66 StaticDependenciesID=8cc5901bf27deb6d2e4e45d3edd45f07 
Importing 'GUID: 1158e311a3101950348dcecb1bebc42d - Path: Packages/com.unity.modules.animation' with importer (DefaultImporter)
Imported 'GUID: 1158e311a3101950348dcecb1bebc42d' -> (Import Result ID: '10c83252fe0ab9665a3ae98657965468') in 0.001 seconds [static dependencies only]. Details - ImportResultOutputID=7f760e80e4376f4e2af6163c51483957 DependenciesID=337c840ecad8aa6fb74821a609eeec95 StaticDependenciesID=a8ced9cd17797e7bec20cccf45485031 
Importing 'GUID: 515638b803bef8599dbd6d5c8bdaa53e - Path: Packages/com.unity.modules.xr' with importer (DefaultImporter)
Imported 'GUID: 515638b803bef8599dbd6d5c8bdaa53e' -> (Import Result ID: '5a37c9d0ffe34a5b50006e4f62465482') in 0.001 seconds [static dependencies only]. Details - ImportResultOutputID=4287b6c9de175897d57f5d0f89be5f52 DependenciesID=a1cb4a99cebe6155a407646d59dc2054 StaticDependenciesID=1ab7b5bc2bee2d7bc4fa09ace3bca183 
Importing 'GUID: b219c86ce508e478367c0a46e1aa9fe4 - Path: Packages/com.unity.modules.assetbundle' with importer (DefaultImporter)
Imported 'GUID: b219c86ce508e478367c0a46e1aa9fe4' -> (Import Result ID: 'a2748a60f5678166c2b3852d52867da5') in 0.001 seconds [static dependencies only]. Details - ImportResultOutputID=89494b4b6b631d330268aeb9dacd9e16 DependenciesID=921856f28990377c4a6adb2880524939 StaticDependenciesID=3c5ca1fa6a1de3b94eb727252ff5b481 
Importing 'GUID: 04c6898809c37620ac863cc2a5d7c4d0 - Path: Packages/com.unity.modules.vectorgraphics' with importer (DefaultImporter)
Imported 'GUID: 04c6898809c37620ac863cc2a5d7c4d0' -> (Import Result ID: '6ce6cf197e6e2584a217945189f26b1a') in 0.001 seconds [static dependencies only]. Details - ImportResultOutputID=3855432a71b0a738524e2b907e4a06f1 DependenciesID=7acfd1134e732ff3450f0c1ae4fa322b StaticDependenciesID=ec64d2838e106e4778131d24c9401791 
Importing 'GUID: 5469ef0820152a4ae45d400fdc4626e4 - Path: Packages/com.unity.modules.screencapture' with importer (DefaultImporter)
Imported 'GUID: 5469ef0820152a4ae45d400fdc4626e4' -> (Import Result ID: '8da15dc56e1aa018bba7943dcc827116') in 0.001 seconds [static dependencies only]. Details - ImportResultOutputID=883c2ddc1cc8ab47552769d7d10ec20e DependenciesID=3a119f6b1542ccffc8ae3478b95def44 StaticDependenciesID=1f0790c5e082acaed858454a94f7928a 
Importing 'GUID: c4df1124e2787ee0c8d1a911de17ee73 - Path: Packages/com.unity.modules.cloth' with importer (DefaultImporter)
Imported 'GUID: c4df1124e2787ee0c8d1a911de17ee73' -> (Import Result ID: 'dc1c5846b02d4105f603769a7a22fe59') in 0.001 seconds [static dependencies only]. Details - ImportResultOutputID=02c3e07e14f3716325ca51811cb4ad59 DependenciesID=7f28298b0a36e985372f1b78335016fe StaticDependenciesID=cfbf60909dcddf6b5f7a5ea3a1166700 
Importing 'GUID: 850c54ee0b9e1aa740b1c67792eb1f26 - Path: Packages/com.unity.modules.imageconversion' with importer (DefaultImporter)
Imported 'GUID: 850c54ee0b9e1aa740b1c67792eb1f26' -> (Import Result ID: '21deabad27fc95d7e0474789acf0c644') in 0.001 seconds [static dependencies only]. Details - ImportResultOutputID=5e29084e34474b819d3f42b6f87fa2f1 DependenciesID=f8676791f92d41abd7e981d91dbbef19 StaticDependenciesID=a328d4847189a01efbc0969f9ea60779 
Importing 'GUID: 95f85adeda79e994f011eb2152cf4fc9 - Path: Packages/com.unity.modules.terrainphysics' with importer (DefaultImporter)
Imported 'GUID: 95f85adeda79e994f011eb2152cf4fc9' -> (Import Result ID: '465f7814253d297a56d8fd953dd137f3') in 0.001 seconds [static dependencies only]. Details - ImportResultOutputID=066c7237bacce3d1fed9fa88ce895dc2 DependenciesID=57b9be22459b33d65e791420a1d52601 StaticDependenciesID=640589dc965b13b3b977faada24e82e5 
Importing 'GUID: c522a644a29fcab2eaf63298c118a65b - Path: Packages/com.unity.modules.unitywebrequest' with importer (DefaultImporter)
Imported 'GUID: c522a644a29fcab2eaf63298c118a65b' -> (Import Result ID: '3364dd55df4f1f5487048dd77f68a0e9') in 0.001 seconds [static dependencies only]. Details - ImportResultOutputID=bd84e5c0828c0c958fda12361a6931c4 DependenciesID=17b6b9e99cb87a6ef815195e2391820b StaticDependenciesID=f109b1c9bea847d6ed95c007b7393878 
Importing 'GUID: d5f0b0adc6826e9dd3b72e292e8438be - Path: Packages/com.unity.modules.unitywebrequestassetbundle' with importer (DefaultImporter)
Imported 'GUID: d5f0b0adc6826e9dd3b72e292e8438be' -> (Import Result ID: '70b7865343eefff2753d8f8def17c951') in 0.001 seconds [static dependencies only]. Details - ImportResultOutputID=28545450f0f8fe7184e75065d2eaebce DependenciesID=a5ec12b65aac20c0188dce3181104c40 StaticDependenciesID=d8e30e95b78c5c4d8ef9d264ed85a76b 
Importing 'GUID: 56b94a5b6990c879bb0f057719d1064b - Path: Packages/com.unity.modules.subsystems' with importer (DefaultImporter)
Imported 'GUID: 56b94a5b6990c879bb0f057719d1064b' -> (Import Result ID: '6582c24a2c22bb9487eb60f03f15e640') in 0.001 seconds [static dependencies only]. Details - ImportResultOutputID=0e619aa1d83b61217ae2e97dfc45d4e9 DependenciesID=4c6a770cb4e30a92abc45f18a93148cd StaticDependenciesID=71bcdb26976ba5aaca917fbafe1a5a85 
Importing 'GUID: d6c6a000a805f00649b36b542e8426c2 - Path: Packages/com.unity.modules.unityanalytics' with importer (DefaultImporter)
Imported 'GUID: d6c6a000a805f00649b36b542e8426c2' -> (Import Result ID: 'aac2c452be133576cd5e881564886500') in 0.001 seconds [static dependencies only]. Details - ImportResultOutputID=bf660bcbf114683b66648691531e6d07 DependenciesID=568aa7472433c2f1ef61227974ff5742 StaticDependenciesID=7dbf869ecc8712eaf3b5d6e46acf862d 
Importing 'GUID: d6db7caf2e852b75ebb9c6098418179c - Path: Packages/com.unity.modules.physics' with importer (DefaultImporter)
Imported 'GUID: d6db7caf2e852b75ebb9c6098418179c' -> (Import Result ID: '3be31cd571d86302122c2fbd040a54fe') in 0.001 seconds [static dependencies only]. Details - ImportResultOutputID=ca9e398e0fe23d8852b03b4ef733b883 DependenciesID=7280b59d3b74262aea8686fbc3020be8 StaticDependenciesID=cf4c3d5428251d80a90b0ad594809e5f 
Importing 'GUID: 376c84ea405e0f2b80562c23bb977216 - Path: Packages/com.unity.modules.physics2d' with importer (DefaultImporter)
Imported 'GUID: 376c84ea405e0f2b80562c23bb977216' -> (Import Result ID: '0dc0bc826dbb6a655de29a92779ca8f7') in 0.001 seconds [static dependencies only]. Details - ImportResultOutputID=3c523e0fa92287aeca10533038c4ad8c DependenciesID=fb8e35e6fa5947f9a4f1648b4b71a6b0 StaticDependenciesID=d405ef47b73d15923aefb5e36e86e935 
Importing 'GUID: b77b1ad9c05af0412725856c6c53b037 - Path: Packages/com.unity.modules.wind' with importer (DefaultImporter)
Imported 'GUID: b77b1ad9c05af0412725856c6c53b037' -> (Import Result ID: 'd1356e6812f00c9591b06ac00202690b') in 0.001 seconds [static dependencies only]. Details - ImportResultOutputID=20914c3eb4d4a40f977811ac372be123 DependenciesID=e35d3af62e89902ce6b483eb5767412f StaticDependenciesID=6453d3836424fb8e5f0ebcbd98d7e4cb 
Importing 'GUID: 2808ba6bccb2478ec9c7209d8bf1f3cc - Path: Packages/com.unity.modules.uielements' with importer (DefaultImporter)
Imported 'GUID: 2808ba6bccb2478ec9c7209d8bf1f3cc' -> (Import Result ID: 'b02d7cd9fb5ea8603b55108f3b726d3d') in 0.001 seconds [static dependencies only]. Details - ImportResultOutputID=43ac9c1bd0c2e88ddb17cc3ac3d457f4 DependenciesID=edae43a70b7d6770a776e7b0f0017aa8 StaticDependenciesID=514c5676a15e0531ef3508223c53da30 
Importing 'GUID: 38e3a8976f0b9c586b6dfbcef4e4066c - Path: Packages/com.unity.modules.unitywebrequestaudio' with importer (DefaultImporter)
Imported 'GUID: 38e3a8976f0b9c586b6dfbcef4e4066c' -> (Import Result ID: '671af01fd62a437681ee87b7682a0f52') in 0.001 seconds [static dependencies only]. Details - ImportResultOutputID=fa5586dfb87647a6c685707600b86782 DependenciesID=bd371f3e8f93e05cec5fbd79b7104fef StaticDependenciesID=5dbffe0e8d73244830933bdb32251216 
Importing 'GUID: 48b10b41f58d5b49717f376cda59eeb8 - Path: Packages/com.unity.modules.particlesystem' with importer (DefaultImporter)
Imported 'GUID: 48b10b41f58d5b49717f376cda59eeb8' -> (Import Result ID: 'c07c4ddb0df1261b75a856e2b4805d19') in 0.001 seconds [static dependencies only]. Details - ImportResultOutputID=bbc465d3d6faacd80c5d2d6b9e298635 DependenciesID=130d21d560e217c534c25c722b8fabeb StaticDependenciesID=c72dff301597e092262cbe5c606aa4d1 
Importing 'GUID: 783ee1c8fd4414848db1be97aacf44fb - Path: Packages/com.unity.modules.accessibility' with importer (DefaultImporter)
Imported 'GUID: 783ee1c8fd4414848db1be97aacf44fb' -> (Import Result ID: '10f3f2183013983fbf6bcd087d03b97b') in 0.001 seconds [static dependencies only]. Details - ImportResultOutputID=9ceb99a21b9f1e61183206a57a741925 DependenciesID=62db83b32de75e99e6372269284b9ed5 StaticDependenciesID=a1b54e2544cad25e2581a68a81ec0d6c 
Importing 'GUID: 09e28640d754a611467eebfb261ed749 - Path: Packages/com.unity.modules.tilemap' with importer (DefaultImporter)
Imported 'GUID: 09e28640d754a611467eebfb261ed749' -> (Import Result ID: 'ebd352517667d8443f671f0c9184d205') in 0.001 seconds [static dependencies only]. Details - ImportResultOutputID=84462fd97657c416dad9f0a01ba73192 DependenciesID=29d3bfe7d456d8907a03020739d7e01c StaticDependenciesID=ce44db5148078eb257abac946542876a 
Importing 'GUID: 39728903e57c60021f80449a8bbc0096 - Path: Packages/com.unity.modules.ui' with importer (DefaultImporter)
Imported 'GUID: 39728903e57c60021f80449a8bbc0096' -> (Import Result ID: '14af1c1fe9b4344526c7abc7277865ba') in 0.001 seconds [static dependencies only]. Details - ImportResultOutputID=d7a4a57fb3c24edd8687328a72cff587 DependenciesID=0cabb1fe237f6e2870db6cbe4fe7714d StaticDependenciesID=7987e1d1c98b48c5c9b0f2593535bcb6 
Importing 'GUID: 995c08a3305ff9f0dab5e86f340bd9a7 - Path: Packages/com.unity.modules.androidjni' with importer (DefaultImporter)
Imported 'GUID: 995c08a3305ff9f0dab5e86f340bd9a7' -> (Import Result ID: '7b492b591b9d3584a296b7b0684c5401') in 0.001 seconds [static dependencies only]. Details - ImportResultOutputID=30c3e7dc197ceabd471c943bc8eba608 DependenciesID=faf61f76801951cfa59516412b2b13b1 StaticDependenciesID=7fd9f0004f17629d4d9d9feca2f3e278 
Importing 'GUID: b975297a992381c1f3257d0e96892c8a - Path: Packages/com.unity.modules.adaptiveperformance' with importer (DefaultImporter)
Imported 'GUID: b975297a992381c1f3257d0e96892c8a' -> (Import Result ID: '09b5737ae59228e363abcb2ff4185182') in 0.001 seconds [static dependencies only]. Details - ImportResultOutputID=7f7b3e23eb4697a89925ff793958e5e5 DependenciesID=189ada4fed7b7e887deb266fb88527db StaticDependenciesID=35431dd8b0e2dfe624f935c9489c30b6 
Importing 'GUID: e9a46d0940097b5c2c483622a7effc59 - Path: Packages/com.unity.multiplayer.center' with importer (DefaultImporter)
Imported 'GUID: e9a46d0940097b5c2c483622a7effc59' -> (Import Result ID: 'e523951dcd125a076ea11b3bb912a5a4') in 0.001 seconds [static dependencies only]. Details - ImportResultOutputID=f3046c93bbe9d773216fbea661ffa254 DependenciesID=c766819d23994bdbd17a22e78887e13c StaticDependenciesID=a60614908a50f61a37fbff7285f33632 
Importing 'GUID: 6b81377a4453ba7362eb3322f9bcc6c6 - Path: Packages/com.unity.modules.hierarchycore' with importer (DefaultImporter)
Imported 'GUID: 6b81377a4453ba7362eb3322f9bcc6c6' -> (Import Result ID: 'e0668cd424b6bb12556c4c88c74d266e') in 0.001 seconds [static dependencies only]. Details - ImportResultOutputID=75a6fa83ac96f5339da373cd4f5c6e37 DependenciesID=8b451ff511200feb68aa856fdbe872bd StaticDependenciesID=7e87cdcfb0cb51b1a17de4888a09662e 
Importing 'GUID: 1cf2469083ffa484da4d78dd70d708e8 - Path: Packages/com.unity.modules.vehicles' with importer (DefaultImporter)
Imported 'GUID: 1cf2469083ffa484da4d78dd70d708e8' -> (Import Result ID: 'd484d24194dbdf33022056e2b1813ffc') in 0.001 seconds [static dependencies only]. Details - ImportResultOutputID=62c710cd8c5682c589eec3677adcbda2 DependenciesID=f186032b2bf68e59cc971d537d17d2b7 StaticDependenciesID=a6d63e74cac70c2a50bb8c5412507381 
Importing 'GUID: 9c7c268fa6492449654839df69f2a2f4 - Path: Packages/com.unity.modules.umbra' with importer (DefaultImporter)
Imported 'GUID: 9c7c268fa6492449654839df69f2a2f4' -> (Import Result ID: 'e3e7590697be8f3eaf22563b99c0de12') in 0.001 seconds [static dependencies only]. Details - ImportResultOutputID=bf70ea01e70089eaf818b9fb19bb1807 DependenciesID=89e18838790933a04d251fbe0a66feeb StaticDependenciesID=7b52fe256f656cb19fb4a481542b8de1 
Importing 'GUID: dcc8c6e92b172a65719af5ddf47dd968 - Path: Packages/com.unity.modules.unitywebrequestwww' with importer (DefaultImporter)
Imported 'GUID: dcc8c6e92b172a65719af5ddf47dd968' -> (Import Result ID: 'c5e9d32991bc480f4abb3007e4eafc20') in 0.001 seconds [static dependencies only]. Details - ImportResultOutputID=1475fc509da6d933479c8ee5d6c4eeff DependenciesID=ac2c13c6e43956af0f433e1db96c09c1 StaticDependenciesID=a210a1122b7dd2b944cf4a2ed39f7ebc 
Importing 'GUID: fc3a810351931f5e6183e16b9beb5563 - Path: Packages/com.unity.modules.jsonserialize' with importer (DefaultImporter)
Imported 'GUID: fc3a810351931f5e6183e16b9beb5563' -> (Import Result ID: '64859958ccf1e2db5e09c361794e1f6c') in 0.001 seconds [static dependencies only]. Details - ImportResultOutputID=65186f4186bf0f33d3946d1d6d75958c DependenciesID=fae883bb4d985a9d790ce2593e9c8994 StaticDependenciesID=8295b792470579d57941ab04af89f790 
Importing 'GUID: 2d142b475fbfb8cf12ba3a795194300a - Path: Packages/com.unity.modules.director' with importer (DefaultImporter)
Imported 'GUID: 2d142b475fbfb8cf12ba3a795194300a' -> (Import Result ID: '167747f1a52f7eb4b212682fa6b81066') in 0.001 seconds [static dependencies only]. Details - ImportResultOutputID=ba08ff1508e195419df3d8b0ff8d3bd4 DependenciesID=2a8c15376a777b59f5a42aff7460a7a4 StaticDependenciesID=8a4bebab4fddb3fbbc3d794ac30153f9 
Importing 'GUID: 2d6ba5cbe47e6ad3c87474c56174d4e0 - Path: Packages/com.unity.modules.audio' with importer (DefaultImporter)
Imported 'GUID: 2d6ba5cbe47e6ad3c87474c56174d4e0' -> (Import Result ID: 'fdaaaea30fe180bc04e461a556693a1f') in 0.001 seconds [static dependencies only]. Details - ImportResultOutputID=8643a11ddcb415e1ae77356bdcd0e31f DependenciesID=25f9d0671fd0d4f37da2ead7c31143a5 StaticDependenciesID=2ff39f5c93529778aafe692e74132cab 
Importing 'GUID: ede0462698a4a5643aa9872c074acd38 - Path: Packages/com.unity.modules.video' with importer (DefaultImporter)
Imported 'GUID: ede0462698a4a5643aa9872c074acd38' -> (Import Result ID: 'fa19b458bd2a38be7835f7111b4c3b00') in 0.001 seconds [static dependencies only]. Details - ImportResultOutputID=f060305cf9a7601b6327f110dec53cf0 DependenciesID=cf4ce5fadf52fddb0bffa88be07c62b5 StaticDependenciesID=8313ec214f0a7d580df79b565c2e82eb 
Importing 'GUID: fd871a8be47119612f7c254e96a822b7 - Path: Packages/com.unity.modules.ai' with importer (DefaultImporter)
Imported 'GUID: fd871a8be47119612f7c254e96a822b7' -> (Import Result ID: 'f8db8ee4e19ca7875270c13a11649b9b') in 0.001 seconds [static dependencies only]. Details - ImportResultOutputID=0bf4624736b8f9ba8d25427695ddd8c6 DependenciesID=8407d264e2870fa733ca8b75f27696c2 StaticDependenciesID=60ac55ba0f0e83ff0744e349017d5e96 
Importing 'GUID: 5e22a8d6e557a1b3cae09054b0b5f9d8 - Path: Packages/com.unity.modules.physicscore2d' with importer (DefaultImporter)
Imported 'GUID: 5e22a8d6e557a1b3cae09054b0b5f9d8' -> (Import Result ID: '105150cf53106daea2c5b3b41c4cbfb5') in 0.001 seconds [static dependencies only]. Details - ImportResultOutputID=8aeec98806d48c587b06189bc919a668 DependenciesID=85fe88ca4f4fdbd538864fc4ce324b20 StaticDependenciesID=9bca5bb16668432354f208a37b47fd54 
Importing 'GUID: 6e1c8b97ec8aa0464e92506ffe099558 - Path: Packages/com.unity.modules.terrain' with importer (DefaultImporter)
Imported 'GUID: 6e1c8b97ec8aa0464e92506ffe099558' -> (Import Result ID: '691f9fd178c2f3bbd1b2c7f2e9e05f53') in 0.001 seconds [static dependencies only]. Details - ImportResultOutputID=81f0943dd12638364c9481b7c44326f7 DependenciesID=212473a748fd45bb74c9242a5a6b2e09 StaticDependenciesID=5d2cbab9c5d748eaf3eea6e5cf9bdbdd 
Importing 'GUID: 6f1c7ebc8ac78cb951be24c238cbd3ba - Path: Packages/com.unity.modules.unitywebrequesttexture' with importer (DefaultImporter)
Imported 'GUID: 6f1c7ebc8ac78cb951be24c238cbd3ba' -> (Import Result ID: '93afd43b71ab37900db96810516c5a49') in 0.001 seconds [static dependencies only]. Details - ImportResultOutputID=f756e1201c1cee903471ba41f17534ce DependenciesID=06d199a8daaba2c3145c763f5e54ae9e StaticDependenciesID=6bbe53969b04c417474f509ba5dd9f7f 
Importing 'GUID: 72aad6ae0dafb492cbf852432441bb38 - Path: Packages/com.unity.multiplayer.center/Editor' with importer (DefaultImporter)
Imported 'GUID: 72aad6ae0dafb492cbf852432441bb38' -> (Import Result ID: '23c609bb5d3776500964e51d11a6f45d') in 0.001 seconds [static dependencies only]. Details - ImportResultOutputID=fd813adfe6f53e0e5a3fd1bde50dd9b3 DependenciesID=8ef256964616b8aaeb672279607547c7 StaticDependenciesID=bc7ad81b0c1796687e8b806f5aac6d62 
Importing 'GUID: f247964bd405431fbd31840f97bef608 - Path: Packages/com.unity.multiplayer.center/Common' with importer (DefaultImporter)
Imported 'GUID: f247964bd405431fbd31840f97bef608' -> (Import Result ID: '18e546c780168da06bda156e0e91d875') in 0.001 seconds [static dependencies only]. Details - ImportResultOutputID=758923f3b917a744e934a49667168e4f DependenciesID=3d17e158704414be44820745002ad775 StaticDependenciesID=0f5b0d577c40d764710f1d389fbef31d 
Importing 'GUID: baf75c9d3de4941df9ee5f3dd1d3bc34 - Path: Packages/com.unity.multiplayer.center/Tests' with importer (DefaultImporter)
Imported 'GUID: baf75c9d3de4941df9ee5f3dd1d3bc34' -> (Import Result ID: '0c02e1917e7d769a556dc804bd5c06a0') in 0.002 seconds [static dependencies only]. Details - ImportResultOutputID=472be40ede228cb93594a902416e88d6 DependenciesID=fccce4aff907ba582ab057da09426ca4 StaticDependenciesID=ab68b37705a23cb931c5480c6a2009c2 
Importing 'GUID: 21f32d2f4add49b3b11fadb6889a2156 - Path: Packages/com.unity.multiplayer.center/Editor/Analytics' with importer (DefaultImporter)
Imported 'GUID: 21f32d2f4add49b3b11fadb6889a2156' -> (Import Result ID: 'ec3530efaa925f242a1d7b37e2511fac') in 0.001 seconds [static dependencies only]. Details - ImportResultOutputID=7627045f4445b3bccda132ac184a65c4 DependenciesID=ff6e7ff7989a81eb99f21f83a83608f1 StaticDependenciesID=85dea544c47988addc3124f5c7fb5701 
Importing 'GUID: 22d3dbf8d488d49d2b1130d698010dee - Path: Packages/com.unity.multiplayer.center/Editor/Features' with importer (DefaultImporter)
Imported 'GUID: 22d3dbf8d488d49d2b1130d698010dee' -> (Import Result ID: 'fb0aa43c9511eaea9425541f2fe7f290') in 0.001 seconds [static dependencies only]. Details - ImportResultOutputID=fb074caa7d2abd29e270db3a9b71e3a9 DependenciesID=7611f4541bbe893b08bfab02cc86d1bb StaticDependenciesID=54f8b153f8514057e0408931b2954b52 
Importing 'GUID: 96c71b811fa50403690b154e216fe217 - Path: Packages/com.unity.multiplayer.center/Tests/Editor' with importer (DefaultImporter)
Imported 'GUID: 96c71b811fa50403690b154e216fe217' -> (Import Result ID: '2a7a53fb280c0e236360bfed22d5107d') in 0.000 seconds [static dependencies only]. Details - ImportResultOutputID=c9c8f2de7834bb2ffb0da4bb4f2955fa DependenciesID=3bf95d95c8f8c68e849b056e15257e44 StaticDependenciesID=1d182c1bd3b7e05db307ecf5c68fdd24 
Importing 'GUID: 1726448925bf4bd1af6ca883bae8ff3f - Path: Packages/com.unity.multiplayer.center/Editor/OnBoarding' with importer (DefaultImporter)
Imported 'GUID: 1726448925bf4bd1af6ca883bae8ff3f' -> (Import Result ID: 'd9fe39903bd0077ff616cf0212752ec0') in 0.001 seconds [static dependencies only]. Details - ImportResultOutputID=14950a62abf6548e54801ab788e1f49c DependenciesID=fb66be4914dfeef02bce245c95d7fb41 StaticDependenciesID=7000f935ff9a18704e106692518f6b56 
Importing 'GUID: 97646f506bf040e9bd4568124c8b425e - Path: Packages/com.unity.multiplayer.center/Editor/Recommendations' with importer (DefaultImporter)
Imported 'GUID: 97646f506bf040e9bd4568124c8b425e' -> (Import Result ID: '485e4f87182f6d1baf8dc9dbc78cedb9') in 0.001 seconds [static dependencies only]. Details - ImportResultOutputID=56d8246ba8918c014e8884d34d60ce31 DependenciesID=5120bfcae0085108497882361d021813 StaticDependenciesID=aac44ce2f7ab728e3b877892a0b5569b 
Importing 'GUID: a7f089ed51c2345ffb7ac0bc3562453f - Path: Packages/com.unity.multiplayer.center/Editor/Questionnaire' with importer (DefaultImporter)
Imported 'GUID: a7f089ed51c2345ffb7ac0bc3562453f' -> (Import Result ID: '8a9f186a82ded53d461d1b6da4524d8c') in 0.001 seconds [static dependencies only]. Details - ImportResultOutputID=961ee9ffe5dc2d5b9b5d9f6c51e99710 DependenciesID=b2743188ea84125ce1498a0557e34c1e StaticDependenciesID=f63abd8ddfec2a8be602d4c30e8276a8 
Importing 'GUID: 7a7dcde6448847648629a13d746ce966 - Path: Packages/com.unity.multiplayer.center/Editor/MultiplayerCenterWindow' with importer (DefaultImporter)
Imported 'GUID: 7a7dcde6448847648629a13d746ce966' -> (Import Result ID: '95372a6fcb56f96b5a653d4273d4bc48') in 0.001 seconds [static dependencies only]. Details - ImportResultOutputID=f055dd0afc5a900e3f0e5d75be0487c5 DependenciesID=b3b8c62840ad550240196f22508887e3 StaticDependenciesID=33a4932c971d396ab17d52c1bd069c07 
Importing 'GUID: 8e4d240cf158245a9945c4df01d83bc1 - Path: Packages/com.unity.multiplayer.center/Tests/Runtime' with importer (DefaultImporter)
Imported 'GUID: 8e4d240cf158245a9945c4df01d83bc1' -> (Import Result ID: '10e41c23d98ab64b33863115ddae6f01') in 0.001 seconds [static dependencies only]. Details - ImportResultOutputID=8d471bf8668065aa423a9a6138166117 DependenciesID=ec03e650b42b6bbda640bd973b69886b StaticDependenciesID=5c5786ead3ee721f908e630904d62f5e 
Importing 'GUID: 9bd34ec3fe8f4aed936c3a0cf2f32e56 - Path: Packages/com.unity.multiplayer.center/Editor/MultiplayerCenterWindow/UI' with importer (DefaultImporter)
Imported 'GUID: 9bd34ec3fe8f4aed936c3a0cf2f32e56' -> (Import Result ID: 'b48dfe06d07978df6274363d8fc6553f') in 0.001 seconds [static dependencies only]. Details - ImportResultOutputID=ccc1a09d4a030f52c953d2f3937aac55 DependenciesID=7bacf4804e64c8dc4167e0f92a364e35 StaticDependenciesID=5d66adcfff19caa3671999dd06866763 
Importing 'GUID: 34a09eb4d6e8d44989194a25525c5147 - Path: Packages/com.unity.multiplayer.center/Editor/MultiplayerCenterWindow/UI/Icons' with importer (DefaultImporter)
Imported 'GUID: 34a09eb4d6e8d44989194a25525c5147' -> (Import Result ID: '243ea0d6df4ab44092f6ff0fb8b7111c') in 0.001 seconds [static dependencies only]. Details - ImportResultOutputID=09fc5dce3344b58f3587b00bf4b13d7d DependenciesID=b828e0a8e97869abd6ec3633d124cd8a StaticDependenciesID=fa7c960be44424961bad7b2ca3eec27d 
Importing 'GUID: eab7f42d361b483aaa760c5909002312 - Path: Packages/com.unity.multiplayer.center/Editor/MultiplayerCenterWindow/UI/RecommendationView' with importer (DefaultImporter)
Imported 'GUID: eab7f42d361b483aaa760c5909002312' -> (Import Result ID: '9b69e80e5f44bfec80b8c9c45a205878') in 0.001 seconds [static dependencies only]. Details - ImportResultOutputID=378cb1e8c5b18b814304dca778da9b61 DependenciesID=0ef1e4dbdf1cdf2d67a998ba951edeb3 StaticDependenciesID=1154a8134540c29e60250ba3117dcdd8 
Importing 'GUID: 84abd2ab34a74600a33a3bb9d72859fe - Path: Packages/com.unity.multiplayer.center/Common/Unity.Multiplayer.Center.Common.asmdef' with importer (AssemblyDefinitionImporter)
Imported 'GUID: 84abd2ab34a74600a33a3bb9d72859fe' -> (Import Result ID: '6c9d115a901c33af4118f6ed6e4ddf04') in 0.002 seconds [static dependencies only]. Details - ImportResultOutputID=ac464dd06d5a61d0a978410378529929 DependenciesID=8be7870fb62e65952c5def4fd492d66f StaticDependenciesID=a853fd4a96f03492fa3c28ef0741167c 
Importing 'GUID: 2664430aff4254d79887d32c3fc1e221 - Path: Packages/com.unity.multiplayer.center/Tests/Runtime/Unity.Multiplayer.Center.Tests.asmdef' with importer (AssemblyDefinitionImporter)
Imported 'GUID: 2664430aff4254d79887d32c3fc1e221' -> (Import Result ID: 'b40132e89914e5c8b22d124c99b07cc5') in 0.001 seconds [static dependencies only]. Details - ImportResultOutputID=95a86e32d35475cb5d001317bedd07f9 DependenciesID=e2872515ede91ad4d24d7ab060306ec9 StaticDependenciesID=4e8dbf8795972d03aabfa130ea7048cb 
Importing 'GUID: 787ec048daec145b580d1134da5dd278 - Path: Packages/com.unity.multiplayer.center/Tests/Editor/Unity.Multiplayer.Center.Editor.Tests.asmdef' with importer (AssemblyDefinitionImporter)
Imported 'GUID: 787ec048daec145b580d1134da5dd278' -> (Import Result ID: '35604bfee40c3ed7c136cf9e7799216f') in 0.001 seconds [static dependencies only]. Details - ImportResultOutputID=5633ff3ec6bb0acbf28d7a77a2b8f7bf DependenciesID=1a6ffdcd75b6f22b16b95b17d091a4cb StaticDependenciesID=679fb8d695a64f5dbb0fa4f71fffe747 
Importing 'GUID: be17709716f1648caa5de6d0c38103ed - Path: Packages/com.unity.multiplayer.center/Editor/Unity.Multiplayer.Center.Editor.asmdef' with importer (AssemblyDefinitionImporter)
Imported 'GUID: be17709716f1648caa5de6d0c38103ed' -> (Import Result ID: '23ef6da53a5f71c63e20526ddba009bc') in 0.001 seconds [static dependencies only]. Details - ImportResultOutputID=10fe3792e6d1c78b2e7ea8dd1292fc3b DependenciesID=7e3273d718eacf13a5c79da027e74b14 StaticDependenciesID=dbdff9f679e801053751a0b9a741b7bf 
Importing 'GUID: 51fa60bb2bd1e5bc74e8cc95a7bfd5b7 - Path: Packages/com.unity.modules.ui/package.ModuleCompilationTrigger' with importer (DefaultImporter)
Imported 'GUID: 51fa60bb2bd1e5bc74e8cc95a7bfd5b7' -> (Import Result ID: 'da7146f36f38740ef799f0a8ef745d23') in 0.011 seconds [static dependencies only]. Details - ImportResultOutputID=97b097896283fafd162f5103b6da9350 DependenciesID=4055109e607a57d2f1170335fea6f5b6 StaticDependenciesID=5848334a9c3afd485e2598f9889c3997 
Importing 'GUID: 71136fc5cf34f2cc10be0e33c0b08019 - Path: Packages/com.unity.modules.unityanalytics/package.ModuleCompilationTrigger' with importer (DefaultImporter)
Imported 'GUID: 71136fc5cf34f2cc10be0e33c0b08019' -> (Import Result ID: 'c2cc8d44df7f5af9e1e985f1d9865d62') in 0.001 seconds [static dependencies only]. Details - ImportResultOutputID=aad00463857b0f3e239972e5a10e3f79 DependenciesID=a25355b1f61f4e9b345bac29fd9b08e8 StaticDependenciesID=41146bf4729f508cca7dacdbd0e1a276 
Importing 'GUID: a1c42005fe7c5d78585a77ce396a5eea - Path: Packages/com.unity.modules.tilemap/package.ModuleCompilationTrigger' with importer (DefaultImporter)
Imported 'GUID: a1c42005fe7c5d78585a77ce396a5eea' -> (Import Result ID: '9c3c1d0ba83a16e4c4a83a2f41692d08') in 0.000 seconds [static dependencies only]. Details - ImportResultOutputID=7c7d529048f5d74f6d499dae097a185f DependenciesID=5f8ce6bc7974e56dfdddc39a261f477e StaticDependenciesID=277d2b2428c983744b7499182ac4ba84 
Importing 'GUID: d104359075a97392b803d3d5aebc77f7 - Path: Packages/com.unity.modules.hierarchycore/package.ModuleCompilationTrigger' with importer (DefaultImporter)
Imported 'GUID: d104359075a97392b803d3d5aebc77f7' -> (Import Result ID: '8b98a5fe5858dc93826cc9182b55b8d6') in 0.000 seconds [static dependencies only]. Details - ImportResultOutputID=8ec3343e917ef007d455acfe45d3ee72 DependenciesID=d008787e17d87cb605ed1ccbc581003a StaticDependenciesID=94821274a794f23a96a8ba01e4b49dee 
Importing 'GUID: 222fc39b0c85d800342910da2cd64781 - Path: Packages/com.unity.modules.assetbundle/package.ModuleCompilationTrigger' with importer (DefaultImporter)
Imported 'GUID: 222fc39b0c85d800342910da2cd64781' -> (Import Result ID: '1101de849aa6e1f7c98985896880952a') in 0.000 seconds [static dependencies only]. Details - ImportResultOutputID=a4749f3da6b6adf8eaabf6e5477b2b7c DependenciesID=8b04f1ddbfa7431f89658cd91664d885 StaticDependenciesID=500cfa9f4f7e5cbc078b469ac6501081 
Importing 'GUID: d2ec2d1228c8e67cdd913cb5609176a2 - Path: Packages/com.unity.modules.unitywebrequest/package.ModuleCompilationTrigger' with importer (DefaultImporter)
Imported 'GUID: d2ec2d1228c8e67cdd913cb5609176a2' -> (Import Result ID: '296c61c72fc18aae62e029680fdf1f70') in 0.000 seconds [static dependencies only]. Details - ImportResultOutputID=37747859ed12efda2a92d3d840e79b06 DependenciesID=867908489ffc67ae501fabe328861d70 StaticDependenciesID=750bd098b18a5b61d3f5f7418463389e 
Importing 'GUID: e2d09a26ce46dc617b54e49a534ace20 - Path: Packages/com.unity.modules.ai/package.ModuleCompilationTrigger' with importer (DefaultImporter)
Imported 'GUID: e2d09a26ce46dc617b54e49a534ace20' -> (Import Result ID: 'e44138a037f95ae0f3555e190bed5c99') in 0.000 seconds [static dependencies only]. Details - ImportResultOutputID=01c973ad27769bdd61dcc3de2d8629ac DependenciesID=b69e40e5c70883eb0dd101c93a7ccd24 StaticDependenciesID=bbdbf9d032ba6d01cfa4bce94e2d803d 
Importing 'GUID: 23032f4383e95e772bce465c5896d0fd - Path: Packages/com.unity.modules.terrain/package.ModuleCompilationTrigger' with importer (DefaultImporter)
Imported 'GUID: 23032f4383e95e772bce465c5896d0fd' -> (Import Result ID: '7f50f6641b8329ddc918445dedab9710') in 0.000 seconds [static dependencies only]. Details - ImportResultOutputID=43caf76539e87b0b5e506fce22b32e8c DependenciesID=94d485d7451611581239c6468571fe1f StaticDependenciesID=0a97893ec1eeb18c8663bae8572305fa 
Importing 'GUID: 830a36a23cf3ab1e61fa47940a6dc35e - Path: Packages/com.unity.modules.imageconversion/package.ModuleCompilationTrigger' with importer (DefaultImporter)
Imported 'GUID: 830a36a23cf3ab1e61fa47940a6dc35e' -> (Import Result ID: 'c66208759bd0d44fd4d2a27542eefb33') in 0.000 seconds [static dependencies only]. Details - ImportResultOutputID=1312c79305670b6aa3bce9ff3efd03b9 DependenciesID=f8cb08a20abc734962c2341d4974f066 StaticDependenciesID=8d04c7f3854d2da2a085adb5c4d3be84 
Importing 'GUID: a31a332ce3485f00f7df8d987302a29c - Path: Packages/com.unity.modules.unitywebrequesttexture/package.ModuleCompilationTrigger' with importer (DefaultImporter)
Imported 'GUID: a31a332ce3485f00f7df8d987302a29c' -> (Import Result ID: 'f15c9af3d2039aaf9ce01f0bf8ff71ff') in 0.000 seconds [static dependencies only]. Details - ImportResultOutputID=54d1731c77f760b5355a2b1bfa92527b DependenciesID=d91119666f9007d1f765712f56c16fa4 StaticDependenciesID=dee0dcfd3ef57403565228da4125b8de 
Importing 'GUID: 042dc296246916648e55a43d0eeb2036 - Path: Packages/com.unity.modules.audio/package.ModuleCompilationTrigger' with importer (DefaultImporter)
Imported 'GUID: 042dc296246916648e55a43d0eeb2036' -> (Import Result ID: '825ada01a22a932fe6b253644dbb5f47') in 0.000 seconds [static dependencies only]. Details - ImportResultOutputID=ab0921e937c1d9c2d7fbdebe7091d6c2 DependenciesID=6049530c758a625436c89437f1cf97e1 StaticDependenciesID=533919d559210c186a6980f973acb706 
Importing 'GUID: 14e86f88e9a8c9c448d7e7df92f2aeec - Path: Packages/com.unity.modules.physicscore2d/package.ModuleCompilationTrigger' with importer (DefaultImporter)
Imported 'GUID: 14e86f88e9a8c9c448d7e7df92f2aeec' -> (Import Result ID: '770388cac41ce694b07489e2f2fbdbb4') in 0.000 seconds [static dependencies only]. Details - ImportResultOutputID=94d25b776bc28f679880cb17bd31ec6c DependenciesID=ffaa61fcace8cf822466238f111acb5a StaticDependenciesID=5ffdfec73670d4b28ccaa62dac2ca25a 
Importing 'GUID: 553737203d61a8109f9544a97201e1aa - Path: Packages/com.unity.modules.unitywebrequestaudio/package.ModuleCompilationTrigger' with importer (DefaultImporter)
Imported 'GUID: 553737203d61a8109f9544a97201e1aa' -> (Import Result ID: '7ca73d9034ac45ff1e0197fdf35e08a3') in 0.000 seconds [static dependencies only]. Details - ImportResultOutputID=ab514c5cded186b91986c4c830fcf71c DependenciesID=34850208eb119edf5d6622a5c610c106 StaticDependenciesID=247311b246c100a80666508820f68acb 
Importing 'GUID: e5c46c19ce0ce2e0103aa6f82df1043a - Path: Packages/com.unity.modules.vehicles/package.ModuleCompilationTrigger' with importer (DefaultImporter)
Imported 'GUID: e5c46c19ce0ce2e0103aa6f82df1043a' -> (Import Result ID: 'f77e4bccb0b3567a5c46f6fdc6f99ed9') in 0.000 seconds [static dependencies only]. Details - ImportResultOutputID=7ed92368dde83c4f4274e94d1167c911 DependenciesID=27d2964b74dc34c14b0189b826737101 StaticDependenciesID=58c585336f8155249eb983aaea149696 
Importing 'GUID: 7610600f5c83e01041a6fe849d39279f - Path: Packages/com.unity.modules.unitywebrequestassetbundle/package.ModuleCompilationTrigger' with importer (DefaultImporter)
Imported 'GUID: 7610600f5c83e01041a6fe849d39279f' -> (Import Result ID: 'bfef23b9481899930568bcc1f4643467') in 0.000 seconds [static dependencies only]. Details - ImportResultOutputID=8003247251fb87c113fccdf168b06d46 DependenciesID=30f2e91d26e25092783770b9c887ec1e StaticDependenciesID=c2c7775d2cb060c8f328513614b8d3d0 
Importing 'GUID: e6a135e3ea9cb46795d1b0e05ac3e1e5 - Path: Packages/com.unity.modules.jsonserialize/package.ModuleCompilationTrigger' with importer (DefaultImporter)
Imported 'GUID: e6a135e3ea9cb46795d1b0e05ac3e1e5' -> (Import Result ID: '4cdab18d31f425b5b000c178ce4411d7') in 0.000 seconds [static dependencies only]. Details - ImportResultOutputID=16fe18d7d4fb3289b89d1d866fdd26db DependenciesID=13fef97da21472d8b844ad9b278d33c8 StaticDependenciesID=4a0c3cda941c34f53512e620dc71b2ee 
Importing 'GUID: f62135e79edb837b2d2ee3c524da864c - Path: Packages/com.unity.modules.video/package.ModuleCompilationTrigger' with importer (DefaultImporter)
Imported 'GUID: f62135e79edb837b2d2ee3c524da864c' -> (Import Result ID: 'b1c90bbcac1740bfef19081eb2624ac9') in 0.000 seconds [static dependencies only]. Details - ImportResultOutputID=f343425462c7ecc24009b61dff957b85 DependenciesID=0b41a7c0880be7c0cfc3123e3cc9df88 StaticDependenciesID=3ed9b40a0b2b3c1dc15c737a860738bd 
Importing 'GUID: 17f093324b67f5bd57e55b546736750e - Path: Packages/com.unity.modules.particlesystem/package.ModuleCompilationTrigger' with importer (DefaultImporter)
Imported 'GUID: 17f093324b67f5bd57e55b546736750e' -> (Import Result ID: '0d2ddc786bdac7bda467072911da8e98') in 0.000 seconds [static dependencies only]. Details - ImportResultOutputID=0355b1352b2efc29f8c3d4c7ae63c7f1 DependenciesID=2958690ec73685b53b2fcd9cfd0b1254 StaticDependenciesID=85089510f0b3bed9d5698cc35811e520 
Importing 'GUID: 4745d06d5a7ca576dcf9e5e67b417652 - Path: Packages/com.unity.modules.accessibility/package.ModuleCompilationTrigger' with importer (DefaultImporter)
Imported 'GUID: 4745d06d5a7ca576dcf9e5e67b417652' -> (Import Result ID: '9f46fc08ebc806e148b3028026b922b2') in 0.000 seconds [static dependencies only]. Details - ImportResultOutputID=532470ed0227c311b25c8c9e8ba79400 DependenciesID=503091816945cb75b8aff54ef6e48dc4 StaticDependenciesID=2a1163b04495b287eee3f28aa095c5e4 
Importing 'GUID: c7a8b0317f4e68556d7509828e9e211e - Path: Packages/com.unity.modules.xr/package.ModuleCompilationTrigger' with importer (DefaultImporter)
Imported 'GUID: c7a8b0317f4e68556d7509828e9e211e' -> (Import Result ID: '3aae1004c356c0174b1d2014ff417205') in 0.000 seconds [static dependencies only]. Details - ImportResultOutputID=ae1b559a8646648d57c418658f22c1c3 DependenciesID=2a40ad50e5d83660c4346aa85c6f1fd5 StaticDependenciesID=e650a17c51a74b75b8ae09276ca1089c 
Importing 'GUID: 082fbee38a82835433261a5e9c00e267 - Path: Packages/com.unity.modules.cloth/package.ModuleCompilationTrigger' with importer (DefaultImporter)
Imported 'GUID: 082fbee38a82835433261a5e9c00e267' -> (Import Result ID: '68fe0adc66ccdd7718aefeef9e3899e7') in 0.000 seconds [static dependencies only]. Details - ImportResultOutputID=4484322f1fd307127a580e9b17cedb30 DependenciesID=b765e8dda1143a901b43862a90264c61 StaticDependenciesID=ef9fa225c23aecc2cc2d8ab5316d82e8 
Importing 'GUID: c82e859b16636ddd2ca4a1f63fd34938 - Path: Packages/com.unity.modules.androidjni/package.ModuleCompilationTrigger' with importer (DefaultImporter)
Imported 'GUID: c82e859b16636ddd2ca4a1f63fd34938' -> (Import Result ID: '1f7bd7b9ff84e0c63a1f30c0158813f6') in 0.000 seconds [static dependencies only]. Details - ImportResultOutputID=6a7f1eafcdb81a627586a74a505019b9 DependenciesID=7588d1a84adbbe84b3d276918e369fb4 StaticDependenciesID=00e8d98cc8487c72fc0bb1d83327e9f8 
Importing 'GUID: c88e90bad18cceb5d182d0c805883056 - Path: Packages/com.unity.modules.director/package.ModuleCompilationTrigger' with importer (DefaultImporter)
Imported 'GUID: c88e90bad18cceb5d182d0c805883056' -> (Import Result ID: '692b721ebaf01bf42014eff7cc287474') in 0.000 seconds [static dependencies only]. Details - ImportResultOutputID=5d286ef98cbac13e3d0e345aac901e4f DependenciesID=94ff21374e1176d68a537fdc52c3a414 StaticDependenciesID=02cee57ef9a66eaa5c0a5baea26241f2 
Importing 'GUID: 1af35a910338381f753e8a985eb5daab - Path: Packages/com.unity.modules.adaptiveperformance/package.ModuleCompilationTrigger' with importer (DefaultImporter)
Imported 'GUID: 1af35a910338381f753e8a985eb5daab' -> (Import Result ID: 'cce3e3bb6c2e43a4c05545493add7f67') in 0.000 seconds [static dependencies only]. Details - ImportResultOutputID=949634ab36822f8ff6168fc8c25e1508 DependenciesID=a86133a3cbf7d81a9d34c70dc70d412d StaticDependenciesID=72d9c9e598d42b502a015ca49e111ab5 
Importing 'GUID: 2adec19fac7df68adf1fd6eb83197bb1 - Path: Packages/com.unity.modules.wind/package.ModuleCompilationTrigger' with importer (DefaultImporter)
Imported 'GUID: 2adec19fac7df68adf1fd6eb83197bb1' -> (Import Result ID: '6a2f4ddbbdd2cee0e833c8e9b60c4930') in 0.000 seconds [static dependencies only]. Details - ImportResultOutputID=d94addc5fcd1dcd16d8a4aeff6e7315b DependenciesID=90bea73b66bc5a3ec0ae4d79132e1e3f StaticDependenciesID=5c1313ac4c6fbfe87cf9835fd6ebbe0d 
Importing 'GUID: 8a752aaaadd2410dd9a84e01c1bace9f - Path: Packages/com.unity.modules.uielements/package.ModuleCompilationTrigger' with importer (DefaultImporter)
Imported 'GUID: 8a752aaaadd2410dd9a84e01c1bace9f' -> (Import Result ID: 'f5a6218cbaa15cada75203b875739241') in 0.000 seconds [static dependencies only]. Details - ImportResultOutputID=f40b7d6a35d44b9d0813e881de9232d1 DependenciesID=ae9d6671a8106c6b2fa0b26490f56329 StaticDependenciesID=4de3b68478c6fcd93c95f2488f338125 
Importing 'GUID: 1b6246f2248883964991eac9e9b4817c - Path: Packages/com.unity.modules.umbra/package.ModuleCompilationTrigger' with importer (DefaultImporter)
Imported 'GUID: 1b6246f2248883964991eac9e9b4817c' -> (Import Result ID: 'c2593cc550babef9c4ef15c744157af8') in 0.000 seconds [static dependencies only]. Details - ImportResultOutputID=007489b112d859d85ac111b51d2b96fd DependenciesID=10afff1fecbc2b084ea0602712887ed3 StaticDependenciesID=b0e764f8a48c9617485bdd19a3be1f5f 
Importing 'GUID: cbb1a39d56ce4d9ac1a46ac505893fa7 - Path: Packages/com.unity.modules.terrainphysics/package.ModuleCompilationTrigger' with importer (DefaultImporter)
Imported 'GUID: cbb1a39d56ce4d9ac1a46ac505893fa7' -> (Import Result ID: 'c4e7922eced96fe170efe150661d1ab0') in 0.000 seconds [static dependencies only]. Details - ImportResultOutputID=62cb9b240430335886efec9a08c66b57 DependenciesID=ae5984d24878f2f9077435a5c18e04f6 StaticDependenciesID=ba12fc2658ed2d75c63a988a6e36bf9c 
Importing 'GUID: db8e609a39b9b231fccc54e5fa4cbd1b - Path: Packages/com.unity.modules.animation/package.ModuleCompilationTrigger' with importer (DefaultImporter)
Imported 'GUID: db8e609a39b9b231fccc54e5fa4cbd1b' -> (Import Result ID: 'c7dc61610ffe66c8b2c450fffe021fd6') in 0.000 seconds [static dependencies only]. Details - ImportResultOutputID=288139cac869a1d040c89eaede133db4 DependenciesID=acfd7624339c3516e2c486656c526f65 StaticDependenciesID=13c33991cd0835ecf3f1eb8d54af3532 
Importing 'GUID: 3cc1ebf2abb7fef6871ad48f499b6e21 - Path: Packages/com.unity.modules.vectorgraphics/package.ModuleCompilationTrigger' with importer (DefaultImporter)
Imported 'GUID: 3cc1ebf2abb7fef6871ad48f499b6e21' -> (Import Result ID: 'ec299a4f0aae8a8e3bbfb324e4cfef53') in 0.000 seconds [static dependencies only]. Details - ImportResultOutputID=a4c87958b226c4f900fbf4d18311cf6f DependenciesID=a316c13e63a531aea7592a16adcf5e4d StaticDependenciesID=d424393493e3c0a7c18d61c53795eace 
Importing 'GUID: 5c1ee4056d0ac7ad3c5a16597fcaa38a - Path: Packages/com.unity.modules.physics/package.ModuleCompilationTrigger' with importer (DefaultImporter)
Imported 'GUID: 5c1ee4056d0ac7ad3c5a16597fcaa38a' -> (Import Result ID: '55275c48f2a6e4d48c8aa1eeb75f6ed2') in 0.000 seconds [static dependencies only]. Details - ImportResultOutputID=47c1ddfb4cd3ec43bc350d5b06504d59 DependenciesID=48f26736b494d81c81a6df45682d2d56 StaticDependenciesID=bdc9ac5cc7a083ce43d55389511396dd 
Importing 'GUID: 8d4bc6bfa28760b29f13174d6b6ea710 - Path: Packages/com.unity.modules.subsystems/package.ModuleCompilationTrigger' with importer (DefaultImporter)
Imported 'GUID: 8d4bc6bfa28760b29f13174d6b6ea710' -> (Import Result ID: 'a3011318500a17343fe70ef583a7a064') in 0.000 seconds [static dependencies only]. Details - ImportResultOutputID=498ca2a2c24aa041ab5e98f608209a1b DependenciesID=877ad71b259b1853ca3cbcd22dbeced1 StaticDependenciesID=8f5974be53fcdb5273b9ca84be24fb20 
Importing 'GUID: cd561f5f687aed43bf280c27a84f79e3 - Path: Packages/com.unity.modules.screencapture/package.ModuleCompilationTrigger' with importer (DefaultImporter)
Imported 'GUID: cd561f5f687aed43bf280c27a84f79e3' -> (Import Result ID: '40aa626f7f34fb94afc221a2df05fb54') in 0.000 seconds [static dependencies only]. Details - ImportResultOutputID=3eb1964e8afbff2c421e099475927610 DependenciesID=932a9ff0221b28edb200a972ce2652f5 StaticDependenciesID=cb7d0a479851b0ff42d76c80e71ee100 
Importing 'GUID: ae87256f29d9c8b50490f4caf75b2c41 - Path: Packages/com.unity.modules.unitywebrequestwww/package.ModuleCompilationTrigger' with importer (DefaultImporter)
Imported 'GUID: ae87256f29d9c8b50490f4caf75b2c41' -> (Import Result ID: 'cf780f352da2f408d3699135526f8105') in 0.000 seconds [static dependencies only]. Details - ImportResultOutputID=79dda7a6ac07c59209ba94225ee33d24 DependenciesID=f5cac70939bf0516a32dd3f985297119 StaticDependenciesID=721e253293ef645f167612dcbc81e8bf 
Importing 'GUID: be13c398521e3c1ad21fb9da30ab2ab6 - Path: Packages/com.unity.modules.imgui/package.ModuleCompilationTrigger' with importer (DefaultImporter)
Imported 'GUID: be13c398521e3c1ad21fb9da30ab2ab6' -> (Import Result ID: 'b271e59c9cc378c98b4a96aa59e0c678') in 0.000 seconds [static dependencies only]. Details - ImportResultOutputID=68bbcc9e8372c6860b60d924cb4f595c DependenciesID=0f048d2c25447920d8aee15b7f46bdba StaticDependenciesID=c60d30096816420cf21f408d2eaffbc8 
Importing 'GUID: fe6a6957b37b61417b457a1e0541791d - Path: Packages/com.unity.modules.physics2d/package.ModuleCompilationTrigger' with importer (DefaultImporter)
Imported 'GUID: fe6a6957b37b61417b457a1e0541791d' -> (Import Result ID: 'bf99c7c3fa8aead1b3b167c8bea112f4') in 0.000 seconds [static dependencies only]. Details - ImportResultOutputID=007ff8c01aa675f4b695ba99a36210ad DependenciesID=88b918f05d5ac819ead3a3b060478b14 StaticDependenciesID=111770f12ca0822f165f44c14271bd5e 
Native extension for LinuxStandalone target not found
Native extension for AppleTV target not found
Native extension for iOS target not found
Native extension for Android target not found
Native extension for UWP target not found
Native extension for WindowsStandalone target not found
Failed to load: C:/Program Files/Unity/Hub/Editor/6000.5.5f1/Editor/Data/PlaybackEngines/VisionOSPlayer\x64\UnityEditor.VisionOS.Native.dll
Native extension for VisionOS target not found
Native extension for OSXStandalone target not found
Native extension for WebGL target not found
ScheduleIndexationOnStartup MainProcess:True IndexOnStartup:True
Mono: successfully reloaded assembly
- Finished resetting the current domain, in  0.307 seconds
Domain Reload Profiling: 605ms
	BeginReloadAssembly (169ms)
		DisableScriptedObjects (25ms)
		CreateAndSetChildDomain (45ms)
	RebuildCommonClasses (6ms)
	RebuildNativeTypeToScriptingClass (11ms)
	initialDomainReloadingComplete (24ms)
	LoadAllAssembliesAndSetupDomain (87ms)
		LoadAssemblies (70ms)
		AnalyzeDomain (15ms)
			TypeCache.Refresh (12ms)
				TypeCache.ScanAssembly (7ms)
	FinalizeReload (308ms)
		SetupLoadedEditorAssemblies (0ms)
			InitializePlatformSupportModulesInManaged (18ms)
			BeforeProcessingInitializeOnLoad (61ms)
			ProcessInitializeOnLoadAttributes (69ms)
			ProcessInitializeOnLoadMethodAttributes (46ms)
			AfterProcessingInitializeOnLoad (3ms)
		AwakeInstancesAfterBackupRestoration (18ms)
Importing 'GUID: 00000000000000005000000000000000 - Path: Library/BuildPlayer.prefs' with importer (DefaultImporter)
Imported 'GUID: 00000000000000005000000000000000' -> (Import Result ID: '26e9c7e281adb4cf8f3ea59b4c171d86') in 0.007 seconds [static dependencies only]. Details - ImportResultOutputID=1f9c19b30680da8dab47159f77a4e657 DependenciesID=14a8d38dd6eb846d74b0ecabdcf1e954 StaticDependenciesID=6a158df055d9d94d7d60efaaf8b24b39 
Importing 'GUID: a659150180ae3489ba41c71780ba3779 - Path: Packages/com.unity.multiplayer.center/Editor/Questionnaire/Questionnaire.questionnaire' with importer (DefaultImporter)
Imported 'GUID: a659150180ae3489ba41c71780ba3779' -> (Import Result ID: '19471d562c476916d1f667ed6008dc50') in 0.001 seconds [static dependencies only]. Details - ImportResultOutputID=d0013f3317022cee9d3e980e4260305c DependenciesID=0fcde0876bb965152ac9d9ca7a0177c8 StaticDependenciesID=0a7d03a814e41bbda829ef673fdc0f39 
Importing 'GUID: b66d076cdcfe3b14388de66307a0e7ff - Path: Packages/com.unity.multiplayer.center/Editor/Recommendations/RecommendationData_6000.0.recommendations' with importer (DefaultImporter)
Imported 'GUID: b66d076cdcfe3b14388de66307a0e7ff' -> (Import Result ID: 'd443778e565afac5b404b4a3c8ba5151') in 0.002 seconds [static dependencies only]. Details - ImportResultOutputID=c9abb0b20a8e8219707b06aa304df842 DependenciesID=dac82d15893b578599403115b66b9eb1 StaticDependenciesID=489e637ea4b10fba937871ecc0bed6f8 
Importing 'GUID: 318df756abab5463e9aa361360784865 - Path: Packages/com.unity.multiplayer.center/Editor/MultiplayerCenterWindow/UI/Icons/d_PackageInstalled@2x.png' with importer (TextureImporter)
Imported 'GUID: 318df756abab5463e9aa361360784865' -> (Import Result ID: 'f35bf1a9dfe089bd258fc549ba444ba5') in 0.013 seconds [static and dynamic dependencies]. Details - ImportResultOutputID=1296fc14d78080dee006e114b5e560a9 DependenciesID=d218d463ae5c0f2a7f071bb7d3a6a319 StaticDependenciesID=676a434c83d6f0fc85958ffc61b2c34a 
Importing 'GUID: 424a8de5def3b46dcb08edd00ad1c7bd - Path: Packages/com.unity.multiplayer.center/Editor/MultiplayerCenterWindow/UI/Icons/Loading.png' with importer (TextureImporter)
Imported 'GUID: 424a8de5def3b46dcb08edd00ad1c7bd' -> (Import Result ID: '02c0bd4cbced59a56fab48792a6e4c36') in 0.002 seconds [static and dynamic dependencies]. Details - ImportResultOutputID=1c7e98ebb7279b2c7a8d0fc1316b7b8e DependenciesID=be6e3cb2cc90c116a7d58268c12e911a StaticDependenciesID=d2f3fd67d2eac8d20da59d58a0bbfab1 
Importing 'GUID: 525a6cca8dd9a4d28875a8fe824710d9 - Path: Packages/com.unity.multiplayer.center/Editor/MultiplayerCenterWindow/UI/Icons/d_Package.png' with importer (TextureImporter)
Imported 'GUID: 525a6cca8dd9a4d28875a8fe824710d9' -> (Import Result ID: '488cab5a237cc73669319e58bc1fcf0a') in 0.003 seconds [static and dynamic dependencies]. Details - ImportResultOutputID=b95adf5212a27c53a9c49cb6861b188d DependenciesID=3492e318782f706cfd16db4e3c28aee4 StaticDependenciesID=fd7ef6f900dcc98cd00dafa7c517e51f 
Importing 'GUID: a23c0dd570fd44b57a03a8880002fcca - Path: Packages/com.unity.multiplayer.center/Editor/MultiplayerCenterWindow/UI/Icons/CloudCode@2x.png' with importer (TextureImporter)
Imported 'GUID: a23c0dd570fd44b57a03a8880002fcca' -> (Import Result ID: '97a539e3a302377b7c7abdf4c0b7cae4') in 0.002 seconds [static and dynamic dependencies]. Details - ImportResultOutputID=f8fe9d2130f233353a35b51398ad4dc5 DependenciesID=952a0392b7361321b8fae9b56de9f84e StaticDependenciesID=53eefbeb88874fa656c30a6992976ad9 
Importing 'GUID: b2ce704e56cc84fb3b347499263c6244 - Path: Packages/com.unity.multiplayer.center/Editor/MultiplayerCenterWindow/UI/Icons/ClientHosted.png' with importer (TextureImporter)
Imported 'GUID: b2ce704e56cc84fb3b347499263c6244' -> (Import Result ID: 'f486918f73f103cbe02a7afcffb55160') in 0.002 seconds [static and dynamic dependencies]. Details - ImportResultOutputID=a389fcbd304991ef568d14db6d03dd2e DependenciesID=42ebf3df4a7916a777ab7fc2649ff87e StaticDependenciesID=dbbc280e9cfc9540e17337985e9432fd 
Importing 'GUID: 0354877031b64465ea7e5cafea1a2653 - Path: Packages/com.unity.multiplayer.center/Editor/MultiplayerCenterWindow/UI/Icons/DistributedAuthority@2x.png' with importer (TextureImporter)
Imported 'GUID: 0354877031b64465ea7e5cafea1a2653' -> (Import Result ID: 'fa110ead647651edb7816111b0237e5b') in 0.002 seconds [static and dynamic dependencies]. Details - ImportResultOutputID=8dbdcec0205e25d3e9e46e6a7c546bd5 DependenciesID=64f1e2b159950351bc56d8c315706210 StaticDependenciesID=c59afa8e6d1c388ec3739dc5d4f0ae91 
Importing 'GUID: 83b28bcaaf34b4fd580114fb05d9f160 - Path: Packages/com.unity.multiplayer.center/Editor/MultiplayerCenterWindow/UI/Icons/NGO@2x.png' with importer (TextureImporter)
Imported 'GUID: 83b28bcaaf34b4fd580114fb05d9f160' -> (Import Result ID: '2fbf8300e562a662e3d8f279992e1370') in 0.002 seconds [static and dynamic dependencies]. Details - ImportResultOutputID=41b33785a073ff2cc37cfbfe1aa5ac89 DependenciesID=49be32f3020969f265981d2d1fac9991 StaticDependenciesID=8c84be2703390f97b8325aa11fb5feb6 
Importing 'GUID: 0423146d9f51c4563a0f2a8200b6cd38 - Path: Packages/com.unity.multiplayer.center/Editor/MultiplayerCenterWindow/UI/Icons/PackageInstalled@2x.png' with importer (TextureImporter)
Imported 'GUID: 0423146d9f51c4563a0f2a8200b6cd38' -> (Import Result ID: '502826f1a03100432c0c7055521e3ad2') in 0.001 seconds [static and dynamic dependencies]. Details - ImportResultOutputID=75d9fdca5b0ad097fd1fc266f7a5032f DependenciesID=8be1b3ec42e83e62d9de6f51d84bed3d StaticDependenciesID=d2b72c94d81bef7a36c9a6456d5d534f 
Importing 'GUID: 741761e72e6f24446bd8ba03ea3d0261 - Path: Packages/com.unity.multiplayer.center/Editor/MultiplayerCenterWindow/UI/Icons/d_Questionnaire.png' with importer (TextureImporter)
Imported 'GUID: 741761e72e6f24446bd8ba03ea3d0261' -> (Import Result ID: '50e00b002ab5da596097208c651c72b6') in 0.001 seconds [static and dynamic dependencies]. Details - ImportResultOutputID=a995974cf1940e29b83de2777358c599 DependenciesID=b09b7bc803337776d18b429232d7ed82 StaticDependenciesID=2e312d124cb545638026726eb3aa4349 
Importing 'GUID: 84e4bbd00035e4671bf14e0380a89001 - Path: Packages/com.unity.multiplayer.center/Editor/MultiplayerCenterWindow/UI/Icons/EmptyViewIcon.png' with importer (TextureImporter)
Imported 'GUID: 84e4bbd00035e4671bf14e0380a89001' -> (Import Result ID: 'd51e38e942bf5b7943cc6f0be0d5a2a0') in 0.004 seconds [static and dynamic dependencies]. Details - ImportResultOutputID=e1a70ee04bc4fb4cce2f1b1ed726e5b0 DependenciesID=55c3bbfb683e9ba8ac1902772c268f53 StaticDependenciesID=91428acf996ced3bd7e3ad87eabbf0ba 
Importing 'GUID: 9431e8221045c4af189b2fa7174b9e9f - Path: Packages/com.unity.multiplayer.center/Editor/MultiplayerCenterWindow/UI/Icons/PackageManager@2x.png' with importer (TextureImporter)
Imported 'GUID: 9431e8221045c4af189b2fa7174b9e9f' -> (Import Result ID: 'b04c86930ed1aefcc5ed32ac1b39ebbc') in 0.001 seconds [static and dynamic dependencies]. Details - ImportResultOutputID=c6e6cf5d8e399368b4d34881282539bb DependenciesID=49423cbdc65a72f63ba60e66cf526497 StaticDependenciesID=5415f7f8ef260c27f36d50103bcf79bf 
Importing 'GUID: b58a826ca804e4c67bab4283ad5a6102 - Path: Packages/com.unity.multiplayer.center/Editor/MultiplayerCenterWindow/UI/Icons/NoNetcode@2x.png' with importer (TextureImporter)
Imported 'GUID: b58a826ca804e4c67bab4283ad5a6102' -> (Import Result ID: '921cbf13ad1e1d53877bba2c63671f37') in 0.002 seconds [static and dynamic dependencies]. Details - ImportResultOutputID=e8c3f042b01a793da942d67af8f7954c DependenciesID=5dfd35d35a55d2413c699967e90089c9 StaticDependenciesID=1c4d2f91a1a2391f618a22de0cc9b848 
Importing 'GUID: 4616b2fa4acd1429e931835b80966c2a - Path: Packages/com.unity.multiplayer.center/Editor/MultiplayerCenterWindow/UI/Icons/PackageInstalled.png' with importer (TextureImporter)
Imported 'GUID: 4616b2fa4acd1429e931835b80966c2a' -> (Import Result ID: '2b286f8a32f5990f1275528ae523dd26') in 0.001 seconds [static and dynamic dependencies]. Details - ImportResultOutputID=35a3ec3c147b83c6d6dff25327873f46 DependenciesID=59d263e74f8f48fdb2f29834ca9be232 StaticDependenciesID=bc4ca2691d7da9b9105b0b4b0a7c5f67 
Importing 'GUID: a6fd0c627f5aa48fa81512221e70a11e - Path: Packages/com.unity.multiplayer.center/Editor/MultiplayerCenterWindow/UI/Icons/d_PackageManager@2x.png' with importer (TextureImporter)
Imported 'GUID: a6fd0c627f5aa48fa81512221e70a11e' -> (Import Result ID: 'cbf8f886192d37478b6407c5e0fdf60e') in 0.002 seconds [static and dynamic dependencies]. Details - ImportResultOutputID=17874a51f758e7c73d45dbff3c370804 DependenciesID=b66e888ec2e68ded2f3ed68edf35c5c7 StaticDependenciesID=3eb28988e0caffbc8606ba7448fbdb0f 
Importing 'GUID: d63245ece6d8f476c8c7ca24da9937f6 - Path: Packages/com.unity.multiplayer.center/Editor/MultiplayerCenterWindow/UI/Icons/DistributedAuthority.png' with importer (TextureImporter)
Imported 'GUID: d63245ece6d8f476c8c7ca24da9937f6' -> (Import Result ID: 'a4e9811806dd1a51616b4b17f36e68a0') in 0.002 seconds [static and dynamic dependencies]. Details - ImportResultOutputID=c8f36b2e7f587b3ba639c54e27415aab DependenciesID=0b9fab2a8bec1f421e2997e33f7a262f StaticDependenciesID=4087462b64bf37193952c711691e2485 
Importing 'GUID: 679f9999c6f8f497e806a2d5d0511879 - Path: Packages/com.unity.multiplayer.center/Editor/MultiplayerCenterWindow/UI/Icons/PackageManager.png' with importer (TextureImporter)
Imported 'GUID: 679f9999c6f8f497e806a2d5d0511879' -> (Import Result ID: 'ea30a9e2b381fa19a57ba69afef68053') in 0.001 seconds [static and dynamic dependencies]. Details - ImportResultOutputID=7760ab96dd02970e1b517e0bdb6799e3 DependenciesID=bb1b1695fc35efcb26002857bc686eae StaticDependenciesID=ca7f9983dd0e301510f01f3aafed4c0d 
Importing 'GUID: 77be953cf28de42a4ad8532539fef3f5 - Path: Packages/com.unity.multiplayer.center/Editor/MultiplayerCenterWindow/UI/Icons/d_PackageInstalled.png' with importer (TextureImporter)
Imported 'GUID: 77be953cf28de42a4ad8532539fef3f5' -> (Import Result ID: '47c144fd876c1b1ad9db0747460bf780') in 0.001 seconds [static and dynamic dependencies]. Details - ImportResultOutputID=a4a4464e0bccfb2503b3e95813db867a DependenciesID=7b6f8a72b2f4253e9eb3c69f5533a6d6 StaticDependenciesID=1c8d6dc718f350f147ef59016542146d 
Importing 'GUID: c7a38e6eccbfc49778cb8b77f594a971 - Path: Packages/com.unity.multiplayer.center/Editor/MultiplayerCenterWindow/UI/Icons/ClientHosted@2x.png' with importer (TextureImporter)
Imported 'GUID: c7a38e6eccbfc49778cb8b77f594a971' -> (Import Result ID: 'a515ebb41220f5aed82c3b9ea44b1467') in 0.002 seconds [static and dynamic dependencies]. Details - ImportResultOutputID=864d4f4ded67cf47a061e3e2e2d1ea49 DependenciesID=000a89b9a8bfa98aec63ef16ccf068ec StaticDependenciesID=26c762357b2e667dfd9fd48826b9d0e4 
Importing 'GUID: d7711b0cc806d430b8a95f1e33ec3649 - Path: Packages/com.unity.multiplayer.center/Editor/MultiplayerCenterWindow/UI/Icons/CustomNetcode@2x.png' with importer (TextureImporter)
Imported 'GUID: d7711b0cc806d430b8a95f1e33ec3649' -> (Import Result ID: '62ac15e0dfd710059f1c28547c34574f') in 0.002 seconds [static and dynamic dependencies]. Details - ImportResultOutputID=f4eb6ecc4bdfe6a611fb637eec3f816c DependenciesID=3ca21935dac6e3d23d8d8e3dc193431b StaticDependenciesID=2fb8048331ee4b7c91600d6d83910676 
Importing 'GUID: 38b78df4a34c94fa6a52c90239606ff1 - Path: Packages/com.unity.multiplayer.center/Editor/MultiplayerCenterWindow/UI/Icons/DedicatedServer@2x.png' with importer (TextureImporter)
Imported 'GUID: 38b78df4a34c94fa6a52c90239606ff1' -> (Import Result ID: '64e2f0ad1a1d41dd4ede2cb9d94431d0') in 0.002 seconds [static and dynamic dependencies]. Details - ImportResultOutputID=91a216e55f136e9d77ef4b1a2a2b45a4 DependenciesID=1600ab45d25c922b89a29f9a9c7e368f StaticDependenciesID=918f5189d91e3d0a7d02c77e7b1a2296 
Importing 'GUID: 29395f0639574c1fbc8b729aa257fb84 - Path: Packages/com.unity.multiplayer.center/Editor/MultiplayerCenterWindow/UI/Icons/d_Check.png' with importer (TextureImporter)
Imported 'GUID: 29395f0639574c1fbc8b729aa257fb84' -> (Import Result ID: '34bbcb3447afa0c16c29a2b5dc24fe8e') in 0.002 seconds [static and dynamic dependencies]. Details - ImportResultOutputID=5c4c439731260a3a98aada8543a16f3c DependenciesID=b4d167d05c88314274885f342619420d StaticDependenciesID=7b63e129144b3a11b28f95e9f5bf21fc 
Importing 'GUID: 99da7b3894f364efdb5fa1443952a55d - Path: Packages/com.unity.multiplayer.center/Editor/MultiplayerCenterWindow/UI/Icons/NGO.png' with importer (TextureImporter)
Imported 'GUID: 99da7b3894f364efdb5fa1443952a55d' -> (Import Result ID: '011800dd7fe2e2d5bbf79fb67144218b') in 0.002 seconds [static and dynamic dependencies]. Details - ImportResultOutputID=da30f4b149e98284f9cb771f42f0e851 DependenciesID=796733f3957bf489b5261429db186327 StaticDependenciesID=0e7b4d1db12f687a8b4cd84507f2bf7b 
Importing 'GUID: e9669051ff70449b5923861e0e0b8838 - Path: Packages/com.unity.multiplayer.center/Editor/MultiplayerCenterWindow/UI/Icons/N4E.png' with importer (TextureImporter)
Imported 'GUID: e9669051ff70449b5923861e0e0b8838' -> (Import Result ID: '5a0275a8d3a14037fde66e00b59a26f7') in 0.001 seconds [static and dynamic dependencies]. Details - ImportResultOutputID=c294424b4bfe74f1d909ef7c24e3306c DependenciesID=3aa226e9d58b99357ae6ecde0b1ff260 StaticDependenciesID=19c2e740ac7e708fceeadfc3248778a0 
Importing 'GUID: 2adffcc506285402aa795dee6f3166d0 - Path: Packages/com.unity.multiplayer.center/Editor/MultiplayerCenterWindow/UI/Icons/EmptyViewIcon@2x.png' with importer (TextureImporter)
Imported 'GUID: 2adffcc506285402aa795dee6f3166d0' -> (Import Result ID: '20385d9d978d33f3efcb11211a517da0') in 0.009 seconds [static and dynamic dependencies]. Details - ImportResultOutputID=25e87537748d7cf1374684d39e576af8 DependenciesID=fe1279ecb45f37ad4c65d8b677a02a95 StaticDependenciesID=117861f82d2c00dc4f64af824b1cc14e 
Importing 'GUID: dab91f148d99946e7b3c3a87ecf4b973 - Path: Packages/com.unity.multiplayer.center/Editor/MultiplayerCenterWindow/UI/Icons/d_Loading.png' with importer (TextureImporter)
Imported 'GUID: dab91f148d99946e7b3c3a87ecf4b973' -> (Import Result ID: '8268a9bdd1acd060d0c91753f8cbd81a') in 0.002 seconds [static and dynamic dependencies]. Details - ImportResultOutputID=e312013e22c5028dcc97e336f8a2858d DependenciesID=a1f3dc50f90958e0d7698345970a84f2 StaticDependenciesID=c9d121b982dcd02f23f0903164d32694 
Importing 'GUID: 1b4c88814ec6241eb8e327515399c006 - Path: Packages/com.unity.multiplayer.center/Editor/MultiplayerCenterWindow/UI/Icons/d_PackageManager.png' with importer (TextureImporter)
Imported 'GUID: 1b4c88814ec6241eb8e327515399c006' -> (Import Result ID: '032b9e4f6bd8329afefc0bd47ecd42b1') in 0.001 seconds [static and dynamic dependencies]. Details - ImportResultOutputID=f18bcdb3431dae86f7d30f4cc0eba647 DependenciesID=76e0109fc5d4589cb32bfc02fefed6f1 StaticDependenciesID=865ad88bb6477d8a53a8338110024d17 
Importing 'GUID: 2cb589d4e01184d928bb698f06e77561 - Path: Packages/com.unity.multiplayer.center/Editor/MultiplayerCenterWindow/UI/Icons/N4E@2x.png' with importer (TextureImporter)
Imported 'GUID: 2cb589d4e01184d928bb698f06e77561' -> (Import Result ID: '9d1794be7c838873305671c849477878') in 0.002 seconds [static and dynamic dependencies]. Details - ImportResultOutputID=5cbe716a22a032f14a8bc10565c481c5 DependenciesID=f3fb5c000811f74a7136a1c44dd1d7a2 StaticDependenciesID=ed22dc880a53f348a106df3615d19399 
Importing 'GUID: dce12af736e0a4a1ba35d6424f897dc9 - Path: Packages/com.unity.multiplayer.center/Editor/MultiplayerCenterWindow/UI/Icons/CustomNetcode.png' with importer (TextureImporter)
Imported 'GUID: dce12af736e0a4a1ba35d6424f897dc9' -> (Import Result ID: 'b4fbfe69740bfe79f325daaabb19c437') in 0.002 seconds [static and dynamic dependencies]. Details - ImportResultOutputID=636fc4e7bc9b0a961822cf92da3a38b1 DependenciesID=c645c9630d82910bf774191148bee17c StaticDependenciesID=4c00ee2ffc310b925f0aae58cbc6e647 
Importing 'GUID: 1daed49eec0f94f7ebb36dfef6159884 - Path: Packages/com.unity.multiplayer.center/Editor/MultiplayerCenterWindow/UI/Icons/NoNetcode.png' with importer (TextureImporter)
Imported 'GUID: 1daed49eec0f94f7ebb36dfef6159884' -> (Import Result ID: 'c457f09faa6590a37405c8a78ceb8226') in 0.002 seconds [static and dynamic dependencies]. Details - ImportResultOutputID=1cae827bda7f2856efb8b7dcb3c553f6 DependenciesID=14ad3b7e76809df2d7e115b718d97986 StaticDependenciesID=61c10e7c30e6be8c2797f93c5583c51a 
Importing 'GUID: 9d9689eab72c8480c90679f4dcf18820 - Path: Packages/com.unity.multiplayer.center/Editor/MultiplayerCenterWindow/UI/Icons/Package.png' with importer (TextureImporter)
Imported 'GUID: 9d9689eab72c8480c90679f4dcf18820' -> (Import Result ID: 'e3f112a04a2ac94283609dd4653056e3') in 0.002 seconds [static and dynamic dependencies]. Details - ImportResultOutputID=8bc77c341b3e39124632d05c40ef05a0 DependenciesID=fd1b3b353ef8af7fd1e1cbab2a429d1c StaticDependenciesID=860c65b2e619d69679919f60be7a962d 
Importing 'GUID: ad1d29f4654194951a3c8bf507914d05 - Path: Packages/com.unity.multiplayer.center/Editor/MultiplayerCenterWindow/UI/Icons/CloudCode.png' with importer (TextureImporter)
Imported 'GUID: ad1d29f4654194951a3c8bf507914d05' -> (Import Result ID: '989621d35188b53dd9d670a48025c2cc') in 0.002 seconds [static and dynamic dependencies]. Details - ImportResultOutputID=11f2acbc4f1503a10d123177c606d2c2 DependenciesID=9e9b525dd490de84cdedfdb6a9d2f555 StaticDependenciesID=daa80e3a6e98a04002542119764a9cd1 
Importing 'GUID: dd70cd654275d47db807e918055e004f - Path: Packages/com.unity.multiplayer.center/Editor/MultiplayerCenterWindow/UI/Icons/Questionnaire.png' with importer (TextureImporter)
Imported 'GUID: dd70cd654275d47db807e918055e004f' -> (Import Result ID: '0339e34d6c53879bd753c122da09f370') in 0.002 seconds [static and dynamic dependencies]. Details - ImportResultOutputID=f747fb51b2ea21751945fc2ee59e3879 DependenciesID=14db4c187e85086791e37a0d0c7bc385 StaticDependenciesID=630c0ed723927027919e94fab4993f50 
Importing 'GUID: 3fe892784421e47f5aa40c2784a6cb3e - Path: Packages/com.unity.multiplayer.center/Editor/MultiplayerCenterWindow/UI/Icons/DedicatedServer.png' with importer (TextureImporter)
Imported 'GUID: 3fe892784421e47f5aa40c2784a6cb3e' -> (Import Result ID: 'a24b16893d30c8c0be58b5e347a8e360') in 0.002 seconds [static and dynamic dependencies]. Details - ImportResultOutputID=2b600e887421d855e0a03d72305e9c31 DependenciesID=9de672b24f7827e2ba0eb910ef8c69c5 StaticDependenciesID=e5bf9eeff5c99f9081d73e3e8ce1d711 
Importing 'GUID: 4f78a544322c742b89e63fb68557b1d2 - Path: Packages/com.unity.multiplayer.center/Editor/MultiplayerCenterWindow/UI/Icons/Check.png' with importer (TextureImporter)
Imported 'GUID: 4f78a544322c742b89e63fb68557b1d2' -> (Import Result ID: 'e765f730001642de0125a0a6a07bd3a5') in 0.001 seconds [static and dynamic dependencies]. Details - ImportResultOutputID=219e7ef6ca884d9db524e78d4ff48a4b DependenciesID=1b5e1f37d141dcaa225d51391fe845d9 StaticDependenciesID=418c3428dd15480b88ff041c3109a9fb 
Importing 'GUID: 30b312a167534621b316172253b08723 - Path: Packages/com.unity.modules.subsystems/package.json' with importer (PackageManifestImporter)
Imported 'GUID: 30b312a167534621b316172253b08723' -> (Import Result ID: '2290f9d934f33e62be13bbd3fdc0d894') in 0.001 seconds [static dependencies only]. Details - ImportResultOutputID=5d4e1d411c6d1280fee0fd81da9b9a41 DependenciesID=63113174ad40ae01bc799d569a124dc0 StaticDependenciesID=0b3c946e6a717f46169f33cffddbb142 
Importing 'GUID: 40bf3cec17fa0b49fe04443c8332d638 - Path: Packages/com.unity.modules.jsonserialize/package.json' with importer (PackageManifestImporter)
Imported 'GUID: 40bf3cec17fa0b49fe04443c8332d638' -> (Import Result ID: '56127e54790525077309a2beaad3f2df') in 0.001 seconds [static dependencies only]. Details - ImportResultOutputID=891918617c984cf929da287de3b28243 DependenciesID=7bfe4dceb37474cd2d98b63ecbdb8ab5 StaticDependenciesID=0fad0e8ea03e14690264ad9077aad7bf 
Importing 'GUID: 70554f6c9e4114e1084bb38f9ea400ce - Path: Packages/com.unity.multiplayer.center/LICENSE.md' with importer (TextScriptImporter)
Imported 'GUID: 70554f6c9e4114e1084bb38f9ea400ce' -> (Import Result ID: '4f8b76ebea4067d56564b96433134e5a') in 0.001 seconds [static dependencies only]. Details - ImportResultOutputID=59e94a21cec5c01f76c5311c0f7ed1b4 DependenciesID=9bae1246d99532b11570047837d3f33d StaticDependenciesID=67ad8ffdd036ce93224661ff1f1e98ef 
Importing 'GUID: 80beef77cb19e713c7c2d481b65ed485 - Path: Packages/com.unity.modules.screencapture/package.json' with importer (PackageManifestImporter)
Imported 'GUID: 80beef77cb19e713c7c2d481b65ed485' -> (Import Result ID: '8399d7953d89162a801adf299f92f12f') in 0.001 seconds [static dependencies only]. Details - ImportResultOutputID=983250a2dc621a762e73ead2ce94efd8 DependenciesID=cd27286d2f172dfb89fe5f824cd12ba3 StaticDependenciesID=a2621168487c401a654f3474b01da22d 
Importing 'GUID: 906c12bc9cd95d3963c6d58f62522c78 - Path: Packages/com.unity.modules.cloth/package.json' with importer (PackageManifestImporter)
Imported 'GUID: 906c12bc9cd95d3963c6d58f62522c78' -> (Import Result ID: 'd3e35d6d88beb2c90e2267f89fd7d86c') in 0.001 seconds [static dependencies only]. Details - ImportResultOutputID=516616d488b80658f1bc6d39e6323fe4 DependenciesID=ff0aa0f6822ba147490b518ab6e7aefb StaticDependenciesID=87e01a0fbf610bba8029356c2f3cedbd 
Importing 'GUID: d0e3ad91972c66f5238f5b9b7d5ae58a - Path: Packages/com.unity.modules.unitywebrequesttexture/package.json' with importer (PackageManifestImporter)
Imported 'GUID: d0e3ad91972c66f5238f5b9b7d5ae58a' -> (Import Result ID: 'd6d72679e42ca103d4645ce2f0e43d1a') in 0.001 seconds [static dependencies only]. Details - ImportResultOutputID=50532d8986b57e8cf0f67d010ae5faa9 DependenciesID=e74a26a437e640c3e212ea62ffe5da53 StaticDependenciesID=ca8a80c7d78ea3e4b0ab56943918e7c0 
Importing 'GUID: f0f13f2ab3d6d13cfc6e4656824bfca8 - Path: Packages/com.unity.modules.ai/package.json' with importer (PackageManifestImporter)
Imported 'GUID: f0f13f2ab3d6d13cfc6e4656824bfca8' -> (Import Result ID: 'd21d8b91722d950b213ede438d6a0c8f') in 0.001 seconds [static dependencies only]. Details - ImportResultOutputID=084f1efaf4086fe15fda68049aa031a1 DependenciesID=239bf73ab3d2e0ad7170fc85a0c83181 StaticDependenciesID=0161f2dfa4bc46519bbc28afedb2fabd 
Importing 'GUID: e1ef8466c8fd01a549f10baa4d51fa17 - Path: Packages/com.unity.modules.assetbundle/package.json' with importer (PackageManifestImporter)
Imported 'GUID: e1ef8466c8fd01a549f10baa4d51fa17' -> (Import Result ID: 'b01306af10f4c4b92494c5bc6c7e348e') in 0.001 seconds [static dependencies only]. Details - ImportResultOutputID=c14d0c80429a1b2e07a8aa59da3e090e DependenciesID=3c306160928aad0d9b7fa7d629ca8141 StaticDependenciesID=4b560b67df264fafdca5463edecabd37 
Importing 'GUID: 42fe78c8fe682715a2cb531422e6ccb3 - Path: Packages/com.unity.modules.imgui/package.json' with importer (PackageManifestImporter)
Imported 'GUID: 42fe78c8fe682715a2cb531422e6ccb3' -> (Import Result ID: '735a12665b6273579c88ece974c1fa3d') in 0.001 seconds [static dependencies only]. Details - ImportResultOutputID=f3517442a7b9f2e47ee8fa5d575508d6 DependenciesID=db4a5b9676313a5113b8c3d58a8af841 StaticDependenciesID=823f2faa0588685f2bad41f521df6600 
Importing 'GUID: 92a378669877c05c6071d0fed687bb95 - Path: Packages/com.unity.modules.tilemap/package.json' with importer (PackageManifestImporter)
Imported 'GUID: 92a378669877c05c6071d0fed687bb95' -> (Import Result ID: 'f7d9350e31074f14f70f1ddd6d023915') in 0.001 seconds [static dependencies only]. Details - ImportResultOutputID=f33f95d07119304837f09eeace9783ca DependenciesID=0cf31c2ba1eef756cfbc3fec246b3f7f StaticDependenciesID=b3ad988b545dbe8c855c0bf6ede7b3f7 
Importing 'GUID: 43674d438e19b89d7fe6af07234f3252 - Path: Packages/com.unity.modules.accessibility/package.json' with importer (PackageManifestImporter)
Imported 'GUID: 43674d438e19b89d7fe6af07234f3252' -> (Import Result ID: 'acb1710fbbdf52c324683dab184cda06') in 0.001 seconds [static dependencies only]. Details - ImportResultOutputID=e23a5c5d7d61ce365f1d19ca6a223a88 DependenciesID=2b7af2474c462b27836c85cd0ee19d66 StaticDependenciesID=2c5e7916f13467e8dbe69dc274e8943a 
Importing 'GUID: c359bcaf4a0bc4040aac650bf14ec619 - Path: Packages/com.unity.multiplayer.center/README.md' with importer (TextScriptImporter)
Imported 'GUID: c359bcaf4a0bc4040aac650bf14ec619' -> (Import Result ID: '435e2703097d1b41c685634efa198cf3') in 0.001 seconds [static dependencies only]. Details - ImportResultOutputID=82d3a5be604caff878ff7e228f1601f7 DependenciesID=17e510ebf8dec0088d270e3679c2e8a3 StaticDependenciesID=7cab8a8e0af7700b56e82d95102108f8 
Importing 'GUID: d3cbe921f7b3d9a3257e7c61a5761796 - Path: Packages/com.unity.modules.terrainphysics/package.json' with importer (PackageManifestImporter)
Imported 'GUID: d3cbe921f7b3d9a3257e7c61a5761796' -> (Import Result ID: '4d4972b7a7be72bca5faaa9db94b6b19') in 0.001 seconds [static dependencies only]. Details - ImportResultOutputID=4293423a982649a317eebc9f11bbd1b8 DependenciesID=6fc5860360b5f6a5eb722e68bee0aa5a StaticDependenciesID=836e5f5f7685ec9e9975a08e071fa4b7 
Importing 'GUID: 05f7f519769978b79b31d063a7fc6fa1 - Path: Packages/com.unity.modules.unitywebrequestassetbundle/package.json' with importer (PackageManifestImporter)
Imported 'GUID: 05f7f519769978b79b31d063a7fc6fa1' -> (Import Result ID: '2215c69886089bb8dfd38dc5d451733e') in 0.001 seconds [static dependencies only]. Details - ImportResultOutputID=a676fdc87741fdb3d4562c9b189a12fc DependenciesID=50b399ec4c379a368f8d1b3d730b7425 StaticDependenciesID=ecf490569469904b045877a673f52c07 
Importing 'GUID: 953fab16d15d5885b3600fcd6388b2ad - Path: Packages/com.unity.modules.imageconversion/package.json' with importer (PackageManifestImporter)
Imported 'GUID: 953fab16d15d5885b3600fcd6388b2ad' -> (Import Result ID: 'ca90e3ddc4614fb97ef10d5096a2d3bf') in 0.001 seconds [static dependencies only]. Details - ImportResultOutputID=21af7c3c6098e54697c36eeb0f93f731 DependenciesID=70222f72007a9bb6226effc8d39c0cc4 StaticDependenciesID=feabfdcc1f02151e8ff93f9e08fed3d3 
Importing 'GUID: b5930dbc378b45d406aeb881f06b6dfa - Path: Packages/com.unity.modules.physicscore2d/package.json' with importer (PackageManifestImporter)
Imported 'GUID: b5930dbc378b45d406aeb881f06b6dfa' -> (Import Result ID: '52569d8072f06a7af2f61282bdb1f1b9') in 0.001 seconds [static dependencies only]. Details - ImportResultOutputID=17eebdd45c9292f6cb08e3796d0e3496 DependenciesID=82cd23feb7710eeee87454932e6c5d60 StaticDependenciesID=132977ef165f0d3ba6f71f883b5f89c9 
Importing 'GUID: 26a4f29db434fd79025c91f6126382cc - Path: Packages/com.unity.modules.unityanalytics/package.json' with importer (PackageManifestImporter)
Imported 'GUID: 26a4f29db434fd79025c91f6126382cc' -> (Import Result ID: '170bb55fb25883039fcb7415aac06564') in 0.001 seconds [static dependencies only]. Details - ImportResultOutputID=64cd0125ffa27280e42f5bc3480004c0 DependenciesID=afed83ba2a9d3ced17a37e981cbe40c1 StaticDependenciesID=20a03214bd46c6bfedea9af7a0b0d9e2 
Importing 'GUID: 96d14b71b907bb52333b2886e665aba6 - Path: Packages/com.unity.modules.video/package.json' with importer (PackageManifestImporter)
Imported 'GUID: 96d14b71b907bb52333b2886e665aba6' -> (Import Result ID: '5c651af831b936ffa6e09fdfd6390917') in 0.001 seconds [static dependencies only]. Details - ImportResultOutputID=97331c0a394344b81f304a267aa0ee32 DependenciesID=f4a54713681ca05bcf8d6d7c16c4deeb StaticDependenciesID=ece420845877feca0120aeff1843c27f 
Importing 'GUID: 87d720faa37005c08600090e04d8c739 - Path: Packages/com.unity.modules.particlesystem/package.json' with importer (PackageManifestImporter)
Imported 'GUID: 87d720faa37005c08600090e04d8c739' -> (Import Result ID: '33d9320326ab0bc0dd0097296520297b') in 0.001 seconds [static dependencies only]. Details - ImportResultOutputID=ab3ee686cd4ed15f5f20d2c8a27562c1 DependenciesID=4f1dbf60b5dd1c4a66cd4423394ab7cd StaticDependenciesID=f4e87ab5606ff6321b39dbeab3d19a29 
Importing 'GUID: f7a8357347c80dc69c08d0b1a05e2122 - Path: Packages/com.unity.modules.physics2d/package.json' with importer (PackageManifestImporter)
Imported 'GUID: f7a8357347c80dc69c08d0b1a05e2122' -> (Import Result ID: 'ed4a29267b8cf2f2ea88acd56522760b') in 0.001 seconds [static dependencies only]. Details - ImportResultOutputID=919e2a11128050effa789097769a2a78 DependenciesID=cf968784af1fa8086c395b1ede3f63f2 StaticDependenciesID=8faa0135c39d90e75cabdcc27fd78e0a 
Importing 'GUID: 78e5667e52329c3ceef41288763404ae - Path: Packages/com.unity.modules.vectorgraphics/package.json' with importer (PackageManifestImporter)
Imported 'GUID: 78e5667e52329c3ceef41288763404ae' -> (Import Result ID: '85331052923557e7939e551d51b77ff6') in 0.001 seconds [static dependencies only]. Details - ImportResultOutputID=4ecdabad2dfa4bdbd05a32eab7720e4f DependenciesID=49107cbf11f872cdbb7e480a2dba9fe9 StaticDependenciesID=0dad77f0a6e31e50e95afd8fb4182240 
Importing 'GUID: b83f06ac0c0696e9563230865ca72b81 - Path: Packages/com.unity.modules.wind/package.json' with importer (PackageManifestImporter)
Imported 'GUID: b83f06ac0c0696e9563230865ca72b81' -> (Import Result ID: 'e627a48c71cdb2b59a8ea035b900e4cc') in 0.001 seconds [static dependencies only]. Details - ImportResultOutputID=48a5258515ca15f6f7f90d7b79f1d94b DependenciesID=1e607ce05811be43638b97e5747a55d3 StaticDependenciesID=94020142ee02491aee138f8fd0b6a32d 
Importing 'GUID: c8f6fa942856442b8bd72594d3ce7363 - Path: Packages/com.unity.multiplayer.center/Third Party Notices.md' with importer (TextScriptImporter)
Imported 'GUID: c8f6fa942856442b8bd72594d3ce7363' -> (Import Result ID: 'fb49a0aaa07e34dc436f3549756dc516') in 0.001 seconds [static dependencies only]. Details - ImportResultOutputID=03ddb98ad266806dbd104aeb58230d0c DependenciesID=2d2acc2d26d4951d505d68bd5f8d03bc StaticDependenciesID=b47fb482a67cca194ff3aa7c5d905b75 
Importing 'GUID: d85e5eeaf8f135aeaaebdc8aa3cff6c3 - Path: Packages/com.unity.modules.umbra/package.json' with importer (PackageManifestImporter)
Imported 'GUID: d85e5eeaf8f135aeaaebdc8aa3cff6c3' -> (Import Result ID: '2629799bcc3cd0dc132bde42d394156b') in 0.001 seconds [static dependencies only]. Details - ImportResultOutputID=4d25716d6c3e24bf1a7a8cbf11399c74 DependenciesID=dc7d5f7de08e37a81e35f6684c74c06d StaticDependenciesID=7f6e42ed398911ce66d5999a7426829c 
Importing 'GUID: e9df95f53f1c1d0c9199e235d6c42b50 - Path: Packages/com.unity.modules.audio/package.json' with importer (PackageManifestImporter)
Imported 'GUID: e9df95f53f1c1d0c9199e235d6c42b50' -> (Import Result ID: '8770f2708177991f7bde600f5c7b4d5a') in 0.001 seconds [static dependencies only]. Details - ImportResultOutputID=7bff69c037aa519a654c229c1b6809dd DependenciesID=66220fce1dcba53fc6dd73d780cdfbfe StaticDependenciesID=813f78202562c10aaf2125f84cf31d49 
Importing 'GUID: 1a4266815e998967becf686f9c71f0a6 - Path: Packages/com.unity.modules.physics/package.json' with importer (PackageManifestImporter)
Imported 'GUID: 1a4266815e998967becf686f9c71f0a6' -> (Import Result ID: 'dfea013900fff6eb4694d3ebf064bfb6') in 0.001 seconds [static dependencies only]. Details - ImportResultOutputID=2c72742771a2c41ecd040e5a25968787 DependenciesID=957f7387fa947e4ad8b4742ec482885e StaticDependenciesID=24f161716ed4c67af2a5b4c6528c75af 
Importing 'GUID: 6afb166a156df2d20433d981f4bb2832 - Path: Packages/com.unity.modules.vehicles/package.json' with importer (PackageManifestImporter)
Imported 'GUID: 6afb166a156df2d20433d981f4bb2832' -> (Import Result ID: 'ebbb3659261e067ebb04bcd1a0ba1de6') in 0.001 seconds [static dependencies only]. Details - ImportResultOutputID=b9584b21688236880549537b502bc979 DependenciesID=0e700e00a9d59e25daf7f60ded68340a StaticDependenciesID=49493533e51bc12d7160bed570f9a5ef 
Importing 'GUID: fa27413e9edb06a6058d6c894eca0338 - Path: Packages/com.unity.modules.unitywebrequestwww/package.json' with importer (PackageManifestImporter)
Imported 'GUID: fa27413e9edb06a6058d6c894eca0338' -> (Import Result ID: 'bd7a98124d8a2bbed25cd45a821d3a34') in 0.001 seconds [static dependencies only]. Details - ImportResultOutputID=ef4111052f639e700ab30e1188cae7f8 DependenciesID=15608abf2fb0a10d2865567c82c998c4 StaticDependenciesID=58ec5c7678b3127dd11109c2d0e2f0f2 
Importing 'GUID: 3bbd27b3dd7be4a74aeab8da6b0af5cc - Path: Packages/com.unity.multiplayer.center/CHANGELOG.md' with importer (TextScriptImporter)
Imported 'GUID: 3bbd27b3dd7be4a74aeab8da6b0af5cc' -> (Import Result ID: '8fd81c410944e5964d5f76ec322b6741') in 0.001 seconds [static dependencies only]. Details - ImportResultOutputID=b417cc241394cfbb33a1752f594fb22c DependenciesID=2d26517d560d8d7156f69d2bb0b456ed StaticDependenciesID=7450423b4735959a86c413a8a4c6d9b9 
Importing 'GUID: 4b518b37798c97b0f860962cbf615533 - Path: Packages/com.unity.modules.unitywebrequestaudio/package.json' with importer (PackageManifestImporter)
Imported 'GUID: 4b518b37798c97b0f860962cbf615533' -> (Import Result ID: 'df482174fbd19c87903e603c9e6ad934') in 0.001 seconds [static dependencies only]. Details - ImportResultOutputID=91f22434b9ab55a5c83f3c60940e8474 DependenciesID=e8d1f16f15fc7081c3251ac74a84f919 StaticDependenciesID=a3492277739ba1dccfc7f10390a8b9dc 
Importing 'GUID: 9b1a5759726ef9d39a0ab82047b615f1 - Path: Packages/com.unity.modules.hierarchycore/package.json' with importer (PackageManifestImporter)
Imported 'GUID: 9b1a5759726ef9d39a0ab82047b615f1' -> (Import Result ID: 'ee8ea21bd93292678a48ce4766c2e710') in 0.001 seconds [static dependencies only]. Details - ImportResultOutputID=1299c778185973c2d3f2bb276cd8d0e7 DependenciesID=98a21fad7d41971e4310fea91ae32714 StaticDependenciesID=9dcf09b82df3995db524b3ce8e7aa3f7 
Importing 'GUID: 2c814623cb42764d304be0c5ddd03ceb - Path: Packages/com.unity.modules.xr/package.json' with importer (PackageManifestImporter)
Imported 'GUID: 2c814623cb42764d304be0c5ddd03ceb' -> (Import Result ID: '85fdfa0e897fbed40d266d673eac89b4') in 0.001 seconds [static dependencies only]. Details - ImportResultOutputID=7f441ac2d6a687e067f2d83f9a07d6bb DependenciesID=38b7912d75c6f6fe69ccf76717f5873e StaticDependenciesID=cfddea70f917e548051eef47e704d41d 
Importing 'GUID: 4c413a81cadcce7038e446e56570117e - Path: Packages/com.unity.modules.adaptiveperformance/package.json' with importer (PackageManifestImporter)
Imported 'GUID: 4c413a81cadcce7038e446e56570117e' -> (Import Result ID: '38d5f13da591b075808a87bc993efbd1') in 0.001 seconds [static dependencies only]. Details - ImportResultOutputID=e58e4e674ae30d7b75f4a6d1a5cb9032 DependenciesID=60ce3f76dcff82bf9c2132bad61b1a2c StaticDependenciesID=f40caed91777ad0561bb48a11627df03 
Importing 'GUID: ec02776fe29df900b897106d61977735 - Path: Packages/com.unity.modules.director/package.json' with importer (PackageManifestImporter)
Imported 'GUID: ec02776fe29df900b897106d61977735' -> (Import Result ID: '45d2b7f78cc1413d0d66528a311c8e20') in 0.001 seconds [static dependencies only]. Details - ImportResultOutputID=d3cc052d8f895db30a66424de2b1783d DependenciesID=d4954ffd7d21b03c60ad292abc3cdc8a StaticDependenciesID=fe424b160d552a2d3c3d99e3e61f4ab8 
Importing 'GUID: 6d56244f8c39a851975d3c0bd432c66f - Path: Packages/com.unity.modules.terrain/package.json' with importer (PackageManifestImporter)
Imported 'GUID: 6d56244f8c39a851975d3c0bd432c66f' -> (Import Result ID: '3043b3f8745df379486354c3896f0cdb') in 0.001 seconds [static dependencies only]. Details - ImportResultOutputID=0147ed4a7bf27ee69660cd49b175a05f DependenciesID=d8bf239b38da7a5e1d23a9ddd0948469 StaticDependenciesID=68633397afc44d8ea348831b529962cf 
Importing 'GUID: bd1af0a6633ee94ae21c7d1d702cdc12 - Path: Packages/com.unity.modules.androidjni/package.json' with importer (PackageManifestImporter)
Imported 'GUID: bd1af0a6633ee94ae21c7d1d702cdc12' -> (Import Result ID: '47e61b584b54a72bb33013af8e45ab5b') in 0.001 seconds [static dependencies only]. Details - ImportResultOutputID=58196444acd2f5a146944d8272e88433 DependenciesID=f29be593000d6aa2e18e959769c62068 StaticDependenciesID=bf1ac858e7f20f8b2f2d85786b91e949 
Importing 'GUID: 7ef8348b8ea834d7e1bc214b07f7fb87 - Path: Packages/com.unity.modules.animation/package.json' with importer (PackageManifestImporter)
Imported 'GUID: 7ef8348b8ea834d7e1bc214b07f7fb87' -> (Import Result ID: 'e66ebcc0a773b806b6d5f36ceaa36060') in 0.001 seconds [static dependencies only]. Details - ImportResultOutputID=71365924848c115c14d4e8a430945e5d DependenciesID=d9b95bd7f4828077a7dd4323583ec0c4 StaticDependenciesID=7d3c24e24c75b94c5210b5cf3054341f 
Importing 'GUID: 3fdd83b151eb8d25c5e2f82fc39dcb04 - Path: Packages/com.unity.modules.unitywebrequest/package.json' with importer (PackageManifestImporter)
Imported 'GUID: 3fdd83b151eb8d25c5e2f82fc39dcb04' -> (Import Result ID: '856d04f0c98ca3317533eef24c427365') in 0.001 seconds [static dependencies only]. Details - ImportResultOutputID=609e642c4d5fd6e0b6d325d2f170eb1c DependenciesID=038fe96aff53d8d465856fc2b027013f StaticDependenciesID=6564a188256b4b690a91e3db8dba97c1 
Importing 'GUID: 4f0f9b9f3ed97ad2b9ba8f1a8e4666c2 - Path: Packages/com.unity.modules.uielements/package.json' with importer (PackageManifestImporter)
Imported 'GUID: 4f0f9b9f3ed97ad2b9ba8f1a8e4666c2' -> (Import Result ID: '55615d860fb8221f7ef0887079fe0769') in 0.001 seconds [static dependencies only]. Details - ImportResultOutputID=14c0f2b1b250cec076c4d9c62abdd5a9 DependenciesID=1764497eeef996436a7a3acca40ec6fd StaticDependenciesID=eb0365bf298ec1a4818b3ecd3fbf2b0f 
Importing 'GUID: bfd567a3d1631a761bca9e99fa53d86d - Path: Packages/com.unity.modules.ui/package.json' with importer (PackageManifestImporter)
Imported 'GUID: bfd567a3d1631a761bca9e99fa53d86d' -> (Import Result ID: '5476e87972b831b8580d17d936061bf6') in 0.001 seconds [static dependencies only]. Details - ImportResultOutputID=7bb9b76f93faf76244e454a1fca49870 DependenciesID=5672e654b1200575666ab69c28794a5b StaticDependenciesID=671879968490d6f3d4db40a6a6b1efd2 
Importing 'GUID: df0857f6a11054383be91b1f8e1b5800 - Path: Packages/com.unity.multiplayer.center/package.json' with importer (PackageManifestImporter)
Imported 'GUID: df0857f6a11054383be91b1f8e1b5800' -> (Import Result ID: '68732da28b5749eb303683d0c3afcf7b') in 0.001 seconds [static dependencies only]. Details - ImportResultOutputID=56cb21bd62786f0bf6019a6ac763d7f4 DependenciesID=0432ce4cfa352049b3c7cd022860e6a9 StaticDependenciesID=12d87b45b48c6bb9fdb06b81e254a891 
Importing 'GUID: f1ac2efb1bcd4dfd95dc196ed3c11367 - Path: Packages/com.unity.multiplayer.center/Editor/MultiplayerCenterWindow/UI/light.uss' with importer (ScriptedImporter : UnityEditor.CoreModule:UnityEditor.UIElements.StyleSheets:StyleSheetImporter)
Imported 'GUID: f1ac2efb1bcd4dfd95dc196ed3c11367' -> (Import Result ID: '4e90f364d8e721c230c62f816a864d10') in 0.047 seconds [static and dynamic dependencies]. Details - ImportResultOutputID=d933b28d171599f50d13b516109e7212 DependenciesID=c0f3fb547b7bf5536a5abde44f6f15d4 StaticDependenciesID=558b6037851f87ffee4dfb6859e95fab 
Importing 'GUID: 1984cd07fe96417f9e88f5771f6b4b32 - Path: Packages/com.unity.multiplayer.center/Editor/MultiplayerCenterWindow/UI/dark.uss' with importer (ScriptedImporter : UnityEditor.CoreModule:UnityEditor.UIElements.StyleSheets:StyleSheetImporter)
Imported 'GUID: 1984cd07fe96417f9e88f5771f6b4b32' -> (Import Result ID: 'bf013eb86ee85219cabf628ce10ec03c') in 0.006 seconds [static and dynamic dependencies]. Details - ImportResultOutputID=8be4503d52b62d7392027baec0ba5f8a DependenciesID=05b0e2f891d38e98bd84c54635f71472 StaticDependenciesID=214aaaf6c11bc344e91094caa7796589 
Importing 'GUID: bac00d6e07f0b4305bb395363c89d92b - Path: Packages/com.unity.multiplayer.center/Editor/MultiplayerCenterWindow/UI/MultiplayerCenterWindow.uss' with importer (ScriptedImporter : UnityEditor.CoreModule:UnityEditor.UIElements.StyleSheets:StyleSheetImporter)
Imported 'GUID: bac00d6e07f0b4305bb395363c89d92b' -> (Import Result ID: '0e4b24d59cb21f2d5818d3378278bee4') in 0.024 seconds [static and dynamic dependencies]. Details - ImportResultOutputID=d6dfc469da9a8ffbb556776434abd32e DependenciesID=d1bb7dbb82e2598b710bcda090186330 StaticDependenciesID=c67129531f3a5936bade2845c3208579 
Starting new worker id: 0 with log in C:/Users/20231170150028/Documents/GitHub/motores3pjd3v2026/Logs/AssetImportWorkerHW0.log
Launched and connected shader compiler UnityShaderCompiler.exe after 0.03 seconds
Loading style catalogs (6)
	StyleSheets/Extensions/base/common.uss
	UIPackageResources/StyleSheets/Default/Variables/Public/common.uss
	StyleSheets/Northstar/common.uss
	StyleSheets/Extensions/fonts/inter.uss
	StyleSheets/Extensions/base/dark.uss
	UIPackageResources/StyleSheets/Default/Northstar/Palette/dark.uss

Asset Pipeline Refresh (id=35d859c1d1076d0418a26ecc6dca1127): Total: 9.528 seconds - Initiated by InitialRefreshV2(ForceSynchronousImport)
	(Values over 0.05ms)
	Summary:
		Imports: total=194 (actual=194, local cache=0, cache server=0)
		Asset DB Process Time: managed=9 ms, native=864 ms
		Asset DB Callback time: managed=106 ms, native=1954 ms
		Scripting: domain reloads=1, domain reload time=312 ms, compile time=6274 ms, other=4 ms
		Project Asset Count: scripts=113, non-scripts=81
		Asset File Changes: new=256, changed=256, moved=0, deleted=0
		Scan Filter Count: 0
	InvokePackagesCallback: 1482.850ms
	ApplyChangesToAssetFolders: 0.359ms
	Scan: 65.809ms
	Collect global state as custom dependencies: 3.271ms
	OnSourceAssetsModified: 1.811ms
	CategorizeScriptCompilationAssets: 0.308ms
	ProcessAssetsWithTransientArtifactChanges: 0.698ms
	CategorizeAssets: 1.017ms
	CompileScripts: 6274.309ms
	ImportOutOfDateAssets: 758.692ms (311.610ms without children)
		ImportManagerImport: 412.287ms (96.962ms without children)
			UpdateCategorizedAssets: 0.288ms
		UnloadImportedAssets: 0.071ms
		ImportSchedulerStart: 34.690ms
	PostProcessAllAssets: 580.093ms
		AssemblyValidation.PostprocessAllAssets 1.049ms
		VersionControlSettings.HiddenFilePostprocess 0.777ms
		PostProcessCallbackCreateDeferredMaterials 0.713ms
		ShaderAssetModifiedCallback 0.358ms
		RaytracingShaderImportPostprocess 0.252ms
		LocalizationDatabase.AssetDatabasePostprocessCallback 0.217ms
		ComputeShaderImportPostprocess 0.214ms
		SpeedTreeImporter.PostprocessAllAssets 0.154ms
		BlockShaderImporter.PostprocessAllAssets 0.101ms
		MonoPostProcessAllAssets: 105.699ms
			StyleCatalogPostProcessor.OnPostprocessAllAssets 69.122ms
			AssetPostprocessor.OnPostprocessAllAssets 7.921ms
			WindowAssetPostprocessingWatcher.OnPostprocessAllAssets 6.296ms
			AssetChangedListener.OnPostprocessAllAssets 4.887ms
			BuilderAssetPostprocessor.OnPostprocessAllAssets 3.806ms
			TextAssetPostProcessor.OnPostprocessAllAssets 1.808ms
			RetainedModeAssetPostprocessor.OnPostprocessAllAssets 1.165ms
			SyncVS.PostprocessSyncProject 0.886ms
			SpeedTree9Postprocessor.OnPostprocessAllAssets 0.796ms
			EditModeScopePostprocessor.OnPostprocessAllAssets 0.656ms
			ArtifactBrowserPostProcessor.OnPostprocessAllAssets 0.414ms
			ReferencedClipsPostProcessor.OnPostprocessAllAssets 0.229ms
			AudioMixerPostprocessor.OnPostprocessAllAssets 0.200ms
			AssetEvents.OnPostprocessAllAssets 0.193ms
			TerrainToolbarOverlayPostProcessor.OnPostprocessAllAssets 0.166ms
			AssetDatabaseCallbacks.OnPostprocessAllAssets 0.135ms
			ConfigAssetsTracker.OnPostprocessAllAssets 0.130ms
			SpeedTreePostProcessor.OnPostprocessAllAssets 0.124ms
			ScenarioDriftAssetsTracker.OnPostprocessAllAssets 0.100ms
			RenderPipelineGlobalSettingsPostprocessor.OnPostprocessAllAssets 0.080ms
			AudioContainerPostProcessor.OnPostprocessAllAssets 0.058ms
	PostAssetChangesProfiler: 1.998ms
	UnloadStreamsBegin: 1.164ms
	PersistCurrentRevisions: 0.122ms
	GenerateScriptTypeHashes: 0.086ms
	GenerateScriptTypeSerializationHashes: 0.200ms
	Untracked: 347.757ms

Application.AssetDatabase Initial Refresh End
Scanning for USB devices : 2.060ms
AcceleratorClientConnectionCallback - disconnected - :0
Importing 'GUID: 00000000000000004000000000000000 - Path: ProjectSettings/ProjectSettings.asset' with importer (LibraryAssetImporter)
Imported 'GUID: 00000000000000004000000000000000' -> (Import Result ID: '12dfd7896902d3e5d487b5f76c628732') in 0.001 seconds [static dependencies only]. Details - ImportResultOutputID=276a810dac73e1f29404d5e5f692e214 DependenciesID=a7d928e38f7557664e2a7cf61233c136 StaticDependenciesID=095f61656f0618733781517c35708b5d 
Asset Pipeline Refresh (id=48e52bdb4e27f3c4cb146ebe5a93a309): Total: 0.017 seconds - Initiated by StopAssetImportingV2(NoUpdateAssetOptions)
Initializing Unity extensions:
[MODES] ModeService[none].Initialize
[MODES] ModeService[none].LoadModes
[MODES] Loading mode Default (0) for mode-current-id-motores3pjd3v2026
Error while opening specified scene "Assets/Scenes/_Boot.unity":
 Scene file not found: 'Assets/Scenes/_Boot.unity'.
UnityEngine.Debug:ExtractStackTraceNoAlloc (byte*,int,string)
UnityEngine.StackTraceUtility:ExtractStackTrace ()
UnityEngine.DebugLogHandler:Internal_Log (UnityEngine.LogType,UnityEngine.LogOption,string,UnityEngine.Object)
UnityEngine.DebugLogHandler:LogFormat (UnityEngine.LogType,UnityEngine.Object,string,object[])
UnityEngine.Logger:Log (UnityEngine.LogType,object)
UnityEngine.Debug:LogWarning (object)
UnityEditor.EditorApplication:Internal_RestoreLastOpenedScenes ()

[LAYOUT] C:/Users/20231170150028/AppData/Roaming/Unity/Editor-5.x/Preferences\Layouts\default does not exist. Copying base layouts.
[LAYOUT] About to load C:/Users/20231170150028/AppData/Roaming/Unity/Editor-5.x/Preferences\Layouts\default\Default.wlt, keepMainWindow=False
[LAYOUT] About to save layout C:\Users\20231170150028\Documents\GitHub\motores3pjd3v2026\UserSettings\Layouts\default-6000.dwlt
[LAYOUT] About to save layout C:/Users/20231170150028/AppData/Roaming/Unity/Editor-5.x/Preferences\Layouts\current\default-6000.dwlt
[MODES] ModeService[default].InitializeCurrentMode
[MODES] ModeService[default].RaiseModeChanged(default, default)
This project uses Input Manager, which is marked for deprecation. To manage input in your project, use the <a href="https://docs.unity3d.com/Packages/com.unity.inputsystem@latest">Input System package</a> instead.
<RI> Initializing input.
<RI> Input initialized.
[Project] Loading completed in 19.028 seconds
	Project init time: 				18.299 seconds
		Template init time: 		0.000 seconds
		Package Manager init time: 		1.238 seconds
		Asset Database init time: 		5.627 seconds
		Global illumination init time: 	0.018 seconds
		Assemblies load time: 			1.093 seconds
		Unity extensions init time: 	0.000 seconds
		Asset Database refresh time: 	9.528 seconds
	Scene opening time: 			0.605 seconds
##utp:{"type":"ProjectInfo","version":2,"phase":"Immediate","time":1786387378083,"processId":8316,"projectLoad":19.0276939,"projectInit":18.2990748,"templateInit":0.0,"packageManagerInit":1.2381465,"assetDatabaseInit":5.6273798,"globalIlluminationInit":0.0176989,"assembliesLoad":1.0930733,"unityExtensionsInit":0.0003287,"assetDatabaseRefresh":9.5282094,"sceneOpening":0.6053917}
##utp:{"type":"EditorInfo","version":2,"phase":"Immediate","time":1786387378083,"processId":8316,"editorVersion":"6000.5.5f1 (d16e074b49fd)","branch":"6000.5/staging","buildType":"Release","platform":"Windows"}
Worker ready: AssetImportWorkerHW0 0
Asset Pipeline Refresh (id=f647cd783afb42f48918d17938d6fda8): Total: 0.008 seconds - Initiated by RefreshV2(AllowForceSynchronousImport)
[MODES] ModeService[default].LoadModes
Dynamic Batching is deprecated and will be removed in a future release. Use GPU Instancing instead. Disable Dynamic Batching in Project Settings > Player > Other Settings to remove this warning.
UnityEngine.Debug:ExtractStackTraceNoAlloc (byte*,int,string)
UnityEngine.StackTraceUtility:ExtractStackTrace ()
UnityEngine.DebugLogHandler:Internal_Log (UnityEngine.LogType,UnityEngine.LogOption,string,UnityEngine.Object)
UnityEngine.DebugLogHandler:LogFormat (UnityEngine.LogType,UnityEngine.Object,string,object[])
UnityEngine.Logger:Log (UnityEngine.LogType,object)
UnityEngine.Debug:LogWarning (object)
UnityEditor.PlayerSettingsBatchingWarning:WarnIfDynamicBatchingEnabled ()
UnityEditor.EditorApplication:Internal_CallUpdateFunctions ()

Start Indexing on Editor startup
[Indexing] Starting Initial Indexing for Assets
Request Asset Garbage Collect because used heap size increased from 0.9 MB to 421.3 MB, exceeding the threshold of 256.0 MB.
Created GICache directory at C:/Users/20231170150028/AppData/LocalLow/Unity/Caches/GiCache. Took: 0.035s, timestamps: [20.520 - 20.555]
Starting new worker id: 1 with log in C:/Users/20231170150028/Documents/GitHub/motores3pjd3v2026/Logs/AssetImportWorkerHW1.log
Unloading 1 Unused Serialized files (Serialized files now loaded: 0)
[Licensing::Client] Successfully resolved entitlement details
Unloading 127 unused Assets / (17.5 MB). Loaded Objects now: 1748.
Memory consumption went from 423.6 MB to 406.1 MB.
Total: 10.428400 ms (FindLiveObjects: 0.086900 ms CreateObjectMapping: 0.023400 ms MarkObjects: 7.367700 ms  DeleteObjects: 2.946000 ms)

[Licensing::Client] Successfully resolved entitlement details
[Licensing::Client] Successfully updated the access token
[Licensing::Module] Successfully updated access token: "ZHXalIlo"... (expires: 2026-08-10T20:41:59Z)
[Worker0] Imported GUID: 23032f4383e95e772bce465c5896d0fd - Path: Packages/com.unity.modules.terrain/package.ModuleCompilationTrigger - Importer: ScriptedImporter/UnityEditor.QuickSearchModule:UnityEditor.Search:ASIAI0B -> (ImportResultId: 'f7477e96d4d52a8f02a4b9e5306b4edf') in 0.0670362 seconds
Starting new worker id: 2 with log in C:/Users/20231170150028/Documents/GitHub/motores3pjd3v2026/Logs/AssetImportWorkerHW2.log
[Worker0] Imported GUID: 8a752aaaadd2410dd9a84e01c1bace9f - Path: Packages/com.unity.modules.uielements/package.ModuleCompilationTrigger - Importer: ScriptedImporter/UnityEditor.QuickSearchModule:UnityEditor.Search:ASIAI0B -> (ImportResultId: 'afaeb5b97275f3eb70fac7c9823f9a55') in 0.0021522 seconds
[Worker0] Imported GUID: 54407f5deee4439eb1885bee01956e9c - Path: Packages/com.unity.multiplayer.center/Editor/Analytics/AnalyticsUtils.cs - Importer: ScriptedImporter/UnityEditor.QuickSearchModule:UnityEditor.Search:ASIAI0B -> (ImportResultId: 'c972a67ce2e6a1fbb1fdc1eb65d42e46') in 0.0140442 seconds
[Worker0] Imported GUID: 1bd8e2f47a6c4478ab8f0ade7687e79b - Path: Packages/com.unity.multiplayer.center/Common/IOnboardingSection.cs - Importer: ScriptedImporter/UnityEditor.QuickSearchModule:UnityEditor.Search:ASIAI0B -> (ImportResultId: '18e9be7a3bb30564c7dab842cf9a2f65') in 0.0029083 seconds
[Worker0] Imported GUID: be13c398521e3c1ad21fb9da30ab2ab6 - Path: Packages/com.unity.modules.imgui/package.ModuleCompilationTrigger - Importer: ScriptedImporter/UnityEditor.QuickSearchModule:UnityEditor.Search:ASIAI0B -> (ImportResultId: '17b00fc4bc4585f0fcad11cc6607e3f4') in 0.0035417 seconds
[Worker0] Imported GUID: 6d56244f8c39a851975d3c0bd432c66f - Path: Packages/com.unity.modules.terrain/package.json - Importer: ScriptedImporter/UnityEditor.QuickSearchModule:UnityEditor.Search:ASIAI0B -> (ImportResultId: '8e51370670bad2cbf03b49e8e922f533') in 0.0030665 seconds
[Worker0] Imported GUID: 4f0f9b9f3ed97ad2b9ba8f1a8e4666c2 - Path: Packages/com.unity.modules.uielements/package.json - Importer: ScriptedImporter/UnityEditor.QuickSearchModule:UnityEditor.Search:ASIAI0B -> (ImportResultId: '747aeb1e2ffb1074520be79e7e81c1b0') in 0.0038989 seconds
[Worker0] Imported GUID: 833328f3bcf144cc94f92e286e86b427 - Path: Packages/com.unity.multiplayer.center/Common/IOnboardingSectionAnalyticsProvider.cs - Importer: ScriptedImporter/UnityEditor.QuickSearchModule:UnityEditor.Search:ASIAI0B -> (ImportResultId: '0793104b985ab25287acfdeaa7f5e646') in 0.003474 seconds
[Worker0] Imported GUID: 222fc39b0c85d800342910da2cd64781 - Path: Packages/com.unity.modules.assetbundle/package.ModuleCompilationTrigger - Importer: ScriptedImporter/UnityEditor.QuickSearchModule:UnityEditor.Search:ASIAI0B -> (ImportResultId: '66e442fcfa00a49f5950a0f46c70208d') in 0.0035333 seconds
[Worker0] Imported GUID: e1ef8466c8fd01a549f10baa4d51fa17 - Path: Packages/com.unity.modules.assetbundle/package.json - Importer: ScriptedImporter/UnityEditor.QuickSearchModule:UnityEditor.Search:ASIAI0B -> (ImportResultId: '6c1830469350495aeebf4706c6a97fc5') in 0.0028463 seconds
[Worker0] Imported GUID: e9df95f53f1c1d0c9199e235d6c42b50 - Path: Packages/com.unity.modules.audio/package.json - Importer: ScriptedImporter/UnityEditor.QuickSearchModule:UnityEditor.Search:ASIAI0B -> (ImportResultId: '83ecd29f1c14cb0280e8ab233e5bfb60') in 0.0025275 seconds
[Worker0] Imported GUID: 2c814623cb42764d304be0c5ddd03ceb - Path: Packages/com.unity.modules.xr/package.json - Importer: ScriptedImporter/UnityEditor.QuickSearchModule:UnityEditor.Search:ASIAI0B -> (ImportResultId: '35d6d89d2f82bcf13a925468ff8d755b') in 0.002311 seconds
[Worker0] Imported GUID: c359bcaf4a0bc4040aac650bf14ec619 - Path: Packages/com.unity.multiplayer.center/README.md - Importer: ScriptedImporter/UnityEditor.QuickSearchModule:UnityEditor.Search:ASIAI0B -> (ImportResultId: '8a0cf54a8b283a752ee1ef72e3e7f667') in 0.0024668 seconds
[Worker0] Imported GUID: 89b6d933e4994d0980f6b48dc2b8779c - Path: Packages/com.unity.multiplayer.center/Common/AnswerData.cs - Importer: ScriptedImporter/UnityEditor.QuickSearchModule:UnityEditor.Search:ASIAI0B -> (ImportResultId: '9289fd72a0b952badb987f7d0bdcecc6') in 0.0024538 seconds
[Worker0] Imported GUID: 553737203d61a8109f9544a97201e1aa - Path: Packages/com.unity.modules.unitywebrequestaudio/package.ModuleCompilationTrigger - Importer: ScriptedImporter/UnityEditor.QuickSearchModule:UnityEditor.Search:ASIAI0B -> (ImportResultId: 'e483634e360fc0bd825580013a351114') in 0.0025577 seconds
[Worker0] Imported GUID: 0a9ab22e4e004c7db707338bccb538b9 - Path: Packages/com.unity.multiplayer.center/Common/Preset.cs - Importer: ScriptedImporter/UnityEditor.QuickSearchModule:UnityEditor.Search:ASIAI0B -> (ImportResultId: 'ed1e89fea7b38f10aaeab5d7dc12f18b') in 0.0020439 seconds
[Worker0] Imported GUID: 50d5ff9fe4ab4477b7ea648da183e9d1 - Path: Packages/com.unity.multiplayer.center/Common/StyleConstants.cs - Importer: ScriptedImporter/UnityEditor.QuickSearchModule:UnityEditor.Search:ASIAI0B -> (ImportResultId: '386210c2752de945848b9fc7edff5804') in 0.0024431 seconds
[Worker0] Imported GUID: c7a8b0317f4e68556d7509828e9e211e - Path: Packages/com.unity.modules.xr/package.ModuleCompilationTrigger - Importer: ScriptedImporter/UnityEditor.QuickSearchModule:UnityEditor.Search:ASIAI0B -> (ImportResultId: '78f98c5d2f59c051503b43d8c0deb6b0') in 0.002306 seconds
[Worker0] Imported GUID: 185e678d90804a8a85ab38276eca86fb - Path: Packages/com.unity.multiplayer.center/Editor/Analytics/MultiplayerCenterAnalytics.cs - Importer: ScriptedImporter/UnityEditor.QuickSearchModule:UnityEditor.Search:ASIAI0B -> (ImportResultId: 'd457906d2b6beefecef60a099df9a1b6') in 0.0020494 seconds
[Worker0] Imported GUID: 70554f6c9e4114e1084bb38f9ea400ce - Path: Packages/com.unity.multiplayer.center/LICENSE.md - Importer: ScriptedImporter/UnityEditor.QuickSearchModule:UnityEditor.Search:ASIAI0B -> (ImportResultId: 'd0a75f14e60ce5aafbc14b1e6431c7c5') in 0.0020599 seconds
[Worker0] Imported GUID: 80beef77cb19e713c7c2d481b65ed485 - Path: Packages/com.unity.modules.screencapture/package.json - Importer: ScriptedImporter/UnityEditor.QuickSearchModule:UnityEditor.Search:ASIAI0B -> (ImportResultId: '33c714a973526bddc806d516c2a80390') in 0.0025869 seconds
[Worker0] Imported GUID: df0857f6a11054383be91b1f8e1b5800 - Path: Packages/com.unity.multiplayer.center/package.json - Importer: ScriptedImporter/UnityEditor.QuickSearchModule:UnityEditor.Search:ASIAI0B -> (ImportResultId: '49926b2a0f7cd65d8f28c3cc368cb961') in 0.0024725 seconds
[Worker0] Imported GUID: be17709716f1648caa5de6d0c38103ed - Path: Packages/com.unity.multiplayer.center/Editor/Unity.Multiplayer.Center.Editor.asmdef - Importer: ScriptedImporter/UnityEditor.QuickSearchModule:UnityEditor.Search:ASIAI0B -> (ImportResultId: '23199ad180cdc758a4fda1cb482df9d0') in 0.0035952 seconds
[Worker0] Imported GUID: ae87256f29d9c8b50490f4caf75b2c41 - Path: Packages/com.unity.modules.unitywebrequestwww/package.ModuleCompilationTrigger - Importer: ScriptedImporter/UnityEditor.QuickSearchModule:UnityEditor.Search:ASIAI0B -> (ImportResultId: '7a017d67bed55420009ffba7242bfa2b') in 0.0027497 seconds
[Worker0] Imported GUID: 676a3852811f4199813ce7f6dbac6880 - Path: Packages/com.unity.multiplayer.center/Editor/Features/PackageManagement.cs - Importer: ScriptedImporter/UnityEditor.QuickSearchModule:UnityEditor.Search:ASIAI0B -> (ImportResultId: '0dceb4871845322eb1f04956c6368a28') in 0.0033651 seconds
[Worker0] Imported GUID: 052c764978664486a9c04518899ddf57 - Path: Packages/com.unity.multiplayer.center/Editor/MultiplayerCenterWindow/RecommendationTabView.cs - Importer: ScriptedImporter/UnityEditor.QuickSearchModule:UnityEditor.Search:ASIAI0B -> (ImportResultId: 'aaf710be544ffacabd4bba3fbe0743b0') in 0.0032146 seconds
[Worker0] Imported GUID: a31a332ce3485f00f7df8d987302a29c - Path: Packages/com.unity.modules.unitywebrequesttexture/package.ModuleCompilationTrigger - Importer: ScriptedImporter/UnityEditor.QuickSearchModule:UnityEditor.Search:ASIAI0B -> (ImportResultId: '2e8c27e6dbe9f9a3ffed7b847bbd1de7') in 0.0021637 seconds
[Worker0] Imported GUID: d1084186a4004823abee9b87c8ddf198 - Path: Packages/com.unity.multiplayer.center/Editor/MultiplayerCenterWindow/RecommendationViewBottomBar.cs - Importer: ScriptedImporter/UnityEditor.QuickSearchModule:UnityEditor.Search:ASIAI0B -> (ImportResultId: '8276c009d491762fdb900ac55d66e7ec') in 0.0024273 seconds
[Worker0] Imported GUID: d85e5eeaf8f135aeaaebdc8aa3cff6c3 - Path: Packages/com.unity.modules.umbra/package.json - Importer: ScriptedImporter/UnityEditor.QuickSearchModule:UnityEditor.Search:ASIAI0B -> (ImportResultId: '3ef482f547149e592d0bea612eb3468c') in 0.0029085 seconds
[Worker0] Imported GUID: 84abd2ab34a74600a33a3bb9d72859fe - Path: Packages/com.unity.multiplayer.center/Common/Unity.Multiplayer.Center.Common.asmdef - Importer: ScriptedImporter/UnityEditor.QuickSearchModule:UnityEditor.Search:ASIAI0B -> (ImportResultId: '864c54f5c9a9893d0f92d2423b5b2aa8') in 0.0026138 seconds
[Worker0] Imported GUID: 4b518b37798c97b0f860962cbf615533 - Path: Packages/com.unity.modules.unitywebrequestaudio/package.json - Importer: ScriptedImporter/UnityEditor.QuickSearchModule:UnityEditor.Search:ASIAI0B -> (ImportResultId: '270365ae40c53fcfcfb47c157d991e26') in 0.004809 seconds
[Worker0] Imported GUID: ec737041edec4a5b93f7953a6ffe9f06 - Path: Packages/com.unity.multiplayer.center/Common/SelectedSolutionsData.cs - Importer: ScriptedImporter/UnityEditor.QuickSearchModule:UnityEditor.Search:ASIAI0B -> (ImportResultId: '144cb25f844aad998f85c81b104b0bfd') in 0.002285 seconds
[Worker0] Imported GUID: b5930dbc378b45d406aeb881f06b6dfa - Path: Packages/com.unity.modules.physicscore2d/package.json - Importer: ScriptedImporter/UnityEditor.QuickSearchModule:UnityEditor.Search:ASIAI0B -> (ImportResultId: 'af127197896336a59c9eb140004e3c79') in 0.0025515 seconds
[Worker0] Imported GUID: a1c42005fe7c5d78585a77ce396a5eea - Path: Packages/com.unity.modules.tilemap/package.ModuleCompilationTrigger - Importer: ScriptedImporter/UnityEditor.QuickSearchModule:UnityEditor.Search:ASIAI0B -> (ImportResultId: '523d3afd23a52a957fcdcc02d771a34d') in 0.0023391 seconds
[Worker0] Imported GUID: e9faa4a7023c43c5805642250c703f48 - Path: Packages/com.unity.multiplayer.center/Editor/Analytics/OnboardingSectionAnalyticsProvider.cs - Importer: ScriptedImporter/UnityEditor.QuickSearchModule:UnityEditor.Search:ASIAI0B -> (ImportResultId: 'fd3e8d17de6273491c3ba7a896545030') in 0.0021352 seconds
[Worker0] Imported GUID: fcbb62ff857b4cf49e74f5f9aca6e8d6 - Path: Packages/com.unity.multiplayer.center/Editor/OnBoarding/SectionsFinder.cs - Importer: ScriptedImporter/UnityEditor.QuickSearchModule:UnityEditor.Search:ASIAI0B -> (ImportResultId: '154ec613df3ecc17f9022d09838bc6ca') in 0.0026545 seconds
[Worker0] Imported GUID: cbb1a39d56ce4d9ac1a46ac505893fa7 - Path: Packages/com.unity.modules.terrainphysics/package.ModuleCompilationTrigger - Importer: ScriptedImporter/UnityEditor.QuickSearchModule:UnityEditor.Search:ASIAI0B -> (ImportResultId: '8977a70c84fa50394ddeecc32cc0f970') in 0.0029061 seconds
[Worker0] Imported GUID: cd561f5f687aed43bf280c27a84f79e3 - Path: Packages/com.unity.modules.screencapture/package.ModuleCompilationTrigger - Importer: ScriptedImporter/UnityEditor.QuickSearchModule:UnityEditor.Search:ASIAI0B -> (ImportResultId: 'f3f91e994701b0346595fd1e14b28ede') in 0.0026624 seconds
[Worker0] Imported GUID: 1b6246f2248883964991eac9e9b4817c - Path: Packages/com.unity.modules.umbra/package.ModuleCompilationTrigger - Importer: ScriptedImporter/UnityEditor.QuickSearchModule:UnityEditor.Search:ASIAI0B -> (ImportResultId: 'bacd9dcf16f459b09989bf3ec63fa3d4') in 0.0027919 seconds
[Worker0] Imported GUID: c8f6fa942856442b8bd72594d3ce7363 - Path: Packages/com.unity.multiplayer.center/Third Party Notices.md - Importer: ScriptedImporter/UnityEditor.QuickSearchModule:UnityEditor.Search:ASIAI0B -> (ImportResultId: 'c626af2c3b9a403a5c2a3193591b5157') in 0.0025046 seconds
[Worker0] Imported GUID: 40bf3cec17fa0b49fe04443c8332d638 - Path: Packages/com.unity.modules.jsonserialize/package.json - Importer: ScriptedImporter/UnityEditor.QuickSearchModule:UnityEditor.Search:ASIAI0B -> (ImportResultId: 'e4f6e1d0bb131c5079920d0ca19b2b0f') in 0.0024753 seconds
[Worker0] Imported GUID: 042dc296246916648e55a43d0eeb2036 - Path: Packages/com.unity.modules.audio/package.ModuleCompilationTrigger - Importer: ScriptedImporter/UnityEditor.QuickSearchModule:UnityEditor.Search:ASIAI0B -> (ImportResultId: 'f87f076545faa59d8957e4cfca662b3b') in 0.0019765 seconds
[Worker0] Imported GUID: d3cbe921f7b3d9a3257e7c61a5761796 - Path: Packages/com.unity.modules.terrainphysics/package.json - Importer: ScriptedImporter/UnityEditor.QuickSearchModule:UnityEditor.Search:ASIAI0B -> (ImportResultId: '06681b641f9530409d49427b838e03f6') in 0.0022726 seconds
[Worker0] Imported GUID: 14e86f88e9a8c9c448d7e7df92f2aeec - Path: Packages/com.unity.modules.physicscore2d/package.ModuleCompilationTrigger - Importer: ScriptedImporter/UnityEditor.QuickSearchModule:UnityEditor.Search:ASIAI0B -> (ImportResultId: '5074609a6d161e7c082df02dc2937c1f') in 0.0019236 seconds
[Worker0] Imported GUID: 51566b3736df4282bbe76645014b0cc5 - Path: Packages/com.unity.multiplayer.center/Editor/AssemblyInfo.cs - Importer: ScriptedImporter/UnityEditor.QuickSearchModule:UnityEditor.Search:ASIAI0B -> (ImportResultId: '1af4dc388e7c096a4c54e5c1d96438a9') in 0.00199 seconds
[Worker0] Imported GUID: 4cee1dc929764056ac40ece91efef712 - Path: Packages/com.unity.multiplayer.center/Editor/Analytics/AnalyticsData.cs - Importer: ScriptedImporter/UnityEditor.QuickSearchModule:UnityEditor.Search:ASIAI0B -> (ImportResultId: '8e1d0db95149faf2b5395fece3d6afaf') in 0.002715 seconds
[Worker0] Imported GUID: d0e3ad91972c66f5238f5b9b7d5ae58a - Path: Packages/com.unity.modules.unitywebrequesttexture/package.json - Importer: ScriptedImporter/UnityEditor.QuickSearchModule:UnityEditor.Search:ASIAI0B -> (ImportResultId: '8ea4b355eb27c020ea972d75038d5c7e') in 0.002044 seconds
[Worker0] Imported GUID: 3bbd27b3dd7be4a74aeab8da6b0af5cc - Path: Packages/com.unity.multiplayer.center/CHANGELOG.md - Importer: ScriptedImporter/UnityEditor.QuickSearchModule:UnityEditor.Search:ASIAI0B -> (ImportResultId: 'cfebd36bc19e76b16312dc7f53299fc6') in 0.0024291 seconds
[Worker0] Imported GUID: 42fe78c8fe682715a2cb531422e6ccb3 - Path: Packages/com.unity.modules.imgui/package.json - Importer: ScriptedImporter/UnityEditor.QuickSearchModule:UnityEditor.Search:ASIAI0B -> (ImportResultId: '04241dda8f9c4ac12a9d2a6425f7a760') in 0.0024585 seconds
[Worker0] Imported GUID: dd20f32039084a12a8e48dffd4d58f48 - Path: Packages/com.unity.multiplayer.center/Editor/Analytics/DebugAnalytics.cs - Importer: ScriptedImporter/UnityEditor.QuickSearchModule:UnityEditor.Search:ASIAI0B -> (ImportResultId: 'c3a857eb2bde294edff5904b243d8664') in 0.0022731 seconds
[Worker0] Imported GUID: e6a135e3ea9cb46795d1b0e05ac3e1e5 - Path: Packages/com.unity.modules.jsonserialize/package.ModuleCompilationTrigger - Importer: ScriptedImporter/UnityEditor.QuickSearchModule:UnityEditor.Search:ASIAI0B -> (ImportResultId: '0755268f1867a7ab13db465ed99ce055') in 0.0021138 seconds
[Worker0] Imported GUID: 71136fc5cf34f2cc10be0e33c0b08019 - Path: Packages/com.unity.modules.unityanalytics/package.ModuleCompilationTrigger - Importer: ScriptedImporter/UnityEditor.QuickSearchModule:UnityEditor.Search:ASIAI0B -> (ImportResultId: '8f7a68b32af16295930f14462ac2bae5') in 0.003061 seconds
[Worker0] Imported GUID: 8bce0b24c28e45d884acfcf49a3b8945 - Path: Packages/com.unity.multiplayer.center/Editor/Analytics/MultiplayerCenterAnalyticsFactory.cs - Importer: ScriptedImporter/UnityEditor.QuickSearchModule:UnityEditor.Search:ASIAI0B -> (ImportResultId: '95e88166318d0ad4ae4207108cd44ad3') in 0.0022053 seconds
[Worker0] Imported GUID: fa27413e9edb06a6058d6c894eca0338 - Path: Packages/com.unity.modules.unitywebrequestwww/package.json - Importer: ScriptedImporter/UnityEditor.QuickSearchModule:UnityEditor.Search:ASIAI0B -> (ImportResultId: '9352d12ef50dc04482956c3a9fdfc16f') in 0.0029761 seconds
[Worker0] Imported GUID: d2c2caab1f2642afa6c07dec054fd34f - Path: Packages/com.unity.multiplayer.center/Editor/OnBoarding/GettingStartedTabView.cs - Importer: ScriptedImporter/UnityEditor.QuickSearchModule:UnityEditor.Search:ASIAI0B -> (ImportResultId: '03efd195116d6b95d405663aa19c1cc3') in 0.0032204 seconds
[Worker0] Imported GUID: 322b0121d39f45208a3d933e6926a9d8 - Path: Packages/com.unity.multiplayer.center/Editor/OnBoarding/QuickstartPackageHandling.cs - Importer: ScriptedImporter/UnityEditor.QuickSearchModule:UnityEditor.Search:ASIAI0B -> (ImportResultId: '2cc14aa80921905a2dfd38f6a7278330') in 0.0027644 seconds
[Worker0] Imported GUID: 26a4f29db434fd79025c91f6126382cc - Path: Packages/com.unity.modules.unityanalytics/package.json - Importer: ScriptedImporter/UnityEditor.QuickSearchModule:UnityEditor.Search:ASIAI0B -> (ImportResultId: 'a2df9040fcbb5a68ace7f5c29a1c91ca') in 0.0044366 seconds
[Worker0] Imported GUID: 7e006510f5f4425ca971c7de0bfbb77a - Path: Packages/com.unity.multiplayer.center/Editor/MultiplayerCenterWindow/MultiplayerCenterWindow.cs - Importer: ScriptedImporter/UnityEditor.QuickSearchModule:UnityEditor.Search:ASIAI0B -> (ImportResultId: 'cc21a366e70c606801a08ca8ab31c481') in 0.0027815 seconds
[Worker0] Imported GUID: fdefed6b790f4373b0feb7d25854d8ac - Path: Packages/com.unity.multiplayer.center/Editor/MultiplayerCenterWindow/TabGroup.cs - Importer: ScriptedImporter/UnityEditor.QuickSearchModule:UnityEditor.Search:ASIAI0B -> (ImportResultId: '0c8dfa0bb383957c64ac693593e56008') in 0.0023346 seconds
[Worker0] Imported GUID: 92a378669877c05c6071d0fed687bb95 - Path: Packages/com.unity.modules.tilemap/package.json - Importer: ScriptedImporter/UnityEditor.QuickSearchModule:UnityEditor.Search:ASIAI0B -> (ImportResultId: '073010ad165c6f80b50ec0c00d2e1e6a') in 0.0022081 seconds
[Worker0] Imported GUID: 157e1606dfbd48dda6f01acbf49435b0 - Path: Packages/com.unity.multiplayer.center/Editor/MultiplayerCenterWindow/UI/QuestionSection.cs - Importer: ScriptedImporter/UnityEditor.QuickSearchModule:UnityEditor.Search:ASIAI0B -> (ImportResultId: 'f3c5f06564f8cba72b0b20f548a38a11') in 0.0025088 seconds
[Worker0] Imported GUID: 525a6cca8dd9a4d28875a8fe824710d9 - Path: Packages/com.unity.multiplayer.center/Editor/MultiplayerCenterWindow/UI/Icons/d_Package.png - Importer: ScriptedImporter/UnityEditor.QuickSearchModule:UnityEditor.Search:ASIAI0B -> (ImportResultId: '75a339ef4ab3d1726a1e45a79f58854a') in 0.0357746 seconds
[Worker0] Imported GUID: ca560c7d2a0d4453a50ec4f704ce9ce1 - Path: Packages/com.unity.multiplayer.center/Tests/Editor/UtilsForRecommendationTests.cs - Importer: ScriptedImporter/UnityEditor.QuickSearchModule:UnityEditor.Search:ASIAI0B -> (ImportResultId: '54f757dfead8168af6dab3b3aa6fb6e2') in 0.0020645 seconds
[Worker0] Imported GUID: 29cbd1c6a8c9419aac357b8d4edbdc84 - Path: Packages/com.unity.multiplayer.center/Tests/Editor/QuickstartTabTests.cs - Importer: ScriptedImporter/UnityEditor.QuickSearchModule:UnityEditor.Search:ASIAI0B -> (ImportResultId: '08aeb1f618d08fc026759389acafff89') in 0.0019208 seconds
[Worker0] Imported GUID: 3595bcaa1af84e6d92e07f0258a4256c - Path: Packages/com.unity.multiplayer.center/Editor/Questionnaire/PresetData.cs - Importer: ScriptedImporter/UnityEditor.QuickSearchModule:UnityEditor.Search:ASIAI0B -> (ImportResultId: 'bf551a95171b392b8e48d15a229f2e25') in 0.0020566 seconds
[Worker0] Imported GUID: dab91f148d99946e7b3c3a87ecf4b973 - Path: Packages/com.unity.multiplayer.center/Editor/MultiplayerCenterWindow/UI/Icons/d_Loading.png - Importer: ScriptedImporter/UnityEditor.QuickSearchModule:UnityEditor.Search:ASIAI0B -> (ImportResultId: 'a325471d296faa81e98769c498c68465') in 0.0063497 seconds
[Worker0] Imported GUID: cfc5ccd4416341629caf73dd3e318aac - Path: Packages/com.unity.multiplayer.center/Tests/Editor/UtilsForMultiplayerCenterTests.cs - Importer: ScriptedImporter/UnityEditor.QuickSearchModule:UnityEditor.Search:ASIAI0B -> (ImportResultId: '890256d7696761747e494e18c590e9cc') in 0.0019525 seconds
[Worker0] Imported GUID: 1c3db2c484234a94a19c3acdc2539575 - Path: Packages/com.unity.multiplayer.center/Editor/MultiplayerCenterWindow/UI/StyleClasses.cs - Importer: ScriptedImporter/UnityEditor.QuickSearchModule:UnityEditor.Search:ASIAI0B -> (ImportResultId: '82e876d660d8c745f26c97b25225611a') in 0.0022595 seconds
[Worker0] Imported GUID: ad1d29f4654194951a3c8bf507914d05 - Path: Packages/com.unity.multiplayer.center/Editor/MultiplayerCenterWindow/UI/Icons/CloudCode.png - Importer: ScriptedImporter/UnityEditor.QuickSearchModule:UnityEditor.Search:ASIAI0B -> (ImportResultId: 'd17b81e454cabfbd1d1c49fe43e28766') in 0.0052064 seconds
[Worker0] Imported GUID: f1ac2efb1bcd4dfd95dc196ed3c11367 - Path: Packages/com.unity.multiplayer.center/Editor/MultiplayerCenterWindow/UI/light.uss - Importer: ScriptedImporter/UnityEditor.QuickSearchModule:UnityEditor.Search:ASIAI0B -> (ImportResultId: '0a9e57ec1b10c22c749afd57df3ef61e') in 0.0194538 seconds
[Worker0] Imported GUID: d7711b0cc806d430b8a95f1e33ec3649 - Path: Packages/com.unity.multiplayer.center/Editor/MultiplayerCenterWindow/UI/Icons/CustomNetcode@2x.png - Importer: ScriptedImporter/UnityEditor.QuickSearchModule:UnityEditor.Search:ASIAI0B -> (ImportResultId: 'c55c0b913f44e0b23316331ca4382395') in 0.0052687 seconds
[Worker0] Imported GUID: 7ca5cd79ef39442e599efb761abcbaac - Path: Packages/com.unity.multiplayer.center/Editor/Questionnaire/QuestionnaireData.cs - Importer: ScriptedImporter/UnityEditor.QuickSearchModule:UnityEditor.Search:ASIAI0B -> (ImportResultId: '0da8f47a0be48bfd6862f8aed927906f') in 0.0022331 seconds
[Worker0] Imported GUID: 787ec048daec145b580d1134da5dd278 - Path: Packages/com.unity.multiplayer.center/Tests/Editor/Unity.Multiplayer.Center.Editor.Tests.asmdef - Importer: ScriptedImporter/UnityEditor.QuickSearchModule:UnityEditor.Search:ASIAI0B -> (ImportResultId: 'b6496add8992f5ccedb04c0845f8f3f3') in 0.0024259 seconds
[Worker0] Imported GUID: c2c1cf24bea5410ea530b2c8a875b293 - Path: Packages/com.unity.multiplayer.center/Tests/Editor/AnalyticsUtilsTests.cs - Importer: ScriptedImporter/UnityEditor.QuickSearchModule:UnityEditor.Search:ASIAI0B -> (ImportResultId: '4c7937559e59dfb83a6d58e181e779d1') in 0.0021006 seconds
[Worker0] Imported GUID: 0d9328c739784454ad03d404f395a0ab - Path: Packages/com.unity.multiplayer.center/Editor/MultiplayerCenterWindow/UI/ViewUtils.cs - Importer: ScriptedImporter/UnityEditor.QuickSearchModule:UnityEditor.Search:ASIAI0B -> (ImportResultId: '5a83f13fc6c3c6a5732570df9c1be01f') in 0.0023431 seconds
[Worker0] Imported GUID: 36b51591e13f48b5bed734724d149fb4 - Path: Packages/com.unity.multiplayer.center/Tests/Editor/RecommendationAnalyticsTests.cs - Importer: ScriptedImporter/UnityEditor.QuickSearchModule:UnityEditor.Search:ASIAI0B -> (ImportResultId: '880aad29940681f4ed345661c85d8f9e') in 0.002016 seconds
[Worker0] Imported GUID: 8110dd6ddbc04e58b50978562ce0c00a - Path: Packages/com.unity.multiplayer.center/Tests/Editor/ExpectedPresetRecommendations.cs - Importer: ScriptedImporter/UnityEditor.QuickSearchModule:UnityEditor.Search:ASIAI0B -> (ImportResultId: '1516685a572cf327ae49edee52bd1536') in 0.0022479 seconds
[Worker0] Imported GUID: 1b4c88814ec6241eb8e327515399c006 - Path: Packages/com.unity.multiplayer.center/Editor/MultiplayerCenterWindow/UI/Icons/d_PackageManager.png - Importer: ScriptedImporter/UnityEditor.QuickSearchModule:UnityEditor.Search:ASIAI0B -> (ImportResultId: 'c4e59b7bd4b7bae8af0af2c457fb1a91') in 0.0051637 seconds
[Worker0] Imported GUID: 6cfa81557736450abfb73264580451c1 - Path: Packages/com.unity.multiplayer.center/Tests/Editor/SectionHeaderTests.cs - Importer: ScriptedImporter/UnityEditor.QuickSearchModule:UnityEditor.Search:ASIAI0B -> (ImportResultId: 'e311ba48941189ab4243cb813c99162a') in 0.0019512 seconds
[Worker0] Imported GUID: 52a77c59214a4cb5a43fc7b0e097d832 - Path: Packages/com.unity.multiplayer.center/Editor/Recommendations/RecommendationUtils.cs - Importer: ScriptedImporter/UnityEditor.QuickSearchModule:UnityEditor.Search:ASIAI0B -> (ImportResultId: '408036fb37ea3acb5a7fd7a2462c4a2a') in 0.0022924 seconds
[Worker0] Imported GUID: c3d3226643b94888b02e25de0a9de55f - Path: Packages/com.unity.multiplayer.center/Tests/Editor/UserVisibleTextTests.cs - Importer: ScriptedImporter/UnityEditor.QuickSearchModule:UnityEditor.Search:ASIAI0B -> (ImportResultId: 'b4c0973f9dfa3f02dd9bf808d1fdb797') in 0.0020452 seconds
[Worker0] Imported GUID: a1c995459c0d418c88dd274e04840c5d - Path: Packages/com.unity.multiplayer.center/Editor/Recommendations/RecommenderSystem.cs - Importer: ScriptedImporter/UnityEditor.QuickSearchModule:UnityEditor.Search:ASIAI0B -> (ImportResultId: '3b4cc2c7ebb8e9d58ce8a4a10628e470') in 0.0021605 seconds
[Worker0] Imported GUID: e4439b4b4bb24a5eb61c59c5a67aa5a0 - Path: Packages/com.unity.multiplayer.center/Editor/MultiplayerCenterWindow/UI/QuestionViewFactory.cs - Importer: ScriptedImporter/UnityEditor.QuickSearchModule:UnityEditor.Search:ASIAI0B -> (ImportResultId: 'a1f7bab833b0310afac05b56e0c4beb3') in 0.0042641 seconds
[Worker0] Imported GUID: 38b78df4a34c94fa6a52c90239606ff1 - Path: Packages/com.unity.multiplayer.center/Editor/MultiplayerCenterWindow/UI/Icons/DedicatedServer@2x.png - Importer: ScriptedImporter/UnityEditor.QuickSearchModule:UnityEditor.Search:ASIAI0B -> (ImportResultId: '488647a0e1a9a2f5f96d68c6d658e0d2') in 0.005681 seconds
[Worker0] Imported GUID: 0ddc3b8a12c84454b04e4d6bdd88241c - Path: Packages/com.unity.multiplayer.center/Editor/Recommendations/RecommendationViewData.cs - Importer: ScriptedImporter/UnityEditor.QuickSearchModule:UnityEditor.Search:ASIAI0B -> (ImportResultId: '5b237a5849581f826f7be385b1fba9d1') in 0.0018558 seconds
[Worker0] Imported GUID: a23c0dd570fd44b57a03a8880002fcca - Path: Packages/com.unity.multiplayer.center/Editor/MultiplayerCenterWindow/UI/Icons/CloudCode@2x.png - Importer: ScriptedImporter/UnityEditor.QuickSearchModule:UnityEditor.Search:ASIAI0B -> (ImportResultId: '1ba1ba1d998e6ebb9073750bdd1d40ec') in 0.0067669 seconds
[Worker0] Imported GUID: 741761e72e6f24446bd8ba03ea3d0261 - Path: Packages/com.unity.multiplayer.center/Editor/MultiplayerCenterWindow/UI/Icons/d_Questionnaire.png - Importer: ScriptedImporter/UnityEditor.QuickSearchModule:UnityEditor.Search:ASIAI0B -> (ImportResultId: 'bf115a4aff97eac38c04c34f1034d7e9') in 0.0048052 seconds
[Worker0] Imported GUID: d63245ece6d8f476c8c7ca24da9937f6 - Path: Packages/com.unity.multiplayer.center/Editor/MultiplayerCenterWindow/UI/Icons/DistributedAuthority.png - Importer: ScriptedImporter/UnityEditor.QuickSearchModule:UnityEditor.Search:ASIAI0B -> (ImportResultId: '22f0fe8ade229bacb905b122d3f3a4dd') in 0.0055667 seconds
[Worker0] Imported GUID: 3fe892784421e47f5aa40c2784a6cb3e - Path: Packages/com.unity.multiplayer.center/Editor/MultiplayerCenterWindow/UI/Icons/DedicatedServer.png - Importer: ScriptedImporter/UnityEditor.QuickSearchModule:UnityEditor.Search:ASIAI0B -> (ImportResultId: '1e317876149dfb9c2c99f88c7a403228') in 0.0051988 seconds
[Worker0] Imported GUID: 29395f0639574c1fbc8b729aa257fb84 - Path: Packages/com.unity.multiplayer.center/Editor/MultiplayerCenterWindow/UI/Icons/d_Check.png - Importer: ScriptedImporter/UnityEditor.QuickSearchModule:UnityEditor.Search:ASIAI0B -> (ImportResultId: '10403e99f5bc103b9be69c1fa6d9f8cb') in 0.0046898 seconds
[Worker0] Imported GUID: a659150180ae3489ba41c71780ba3779 - Path: Packages/com.unity.multiplayer.center/Editor/Questionnaire/Questionnaire.questionnaire - Importer: ScriptedImporter/UnityEditor.QuickSearchModule:UnityEditor.Search:ASIAI0B -> (ImportResultId: 'd48f5229e8ed4b4998c4366fa190288e') in 0.0021766 seconds
[Worker0] Imported GUID: b66d076cdcfe3b14388de66307a0e7ff - Path: Packages/com.unity.multiplayer.center/Editor/Recommendations/RecommendationData_6000.0.recommendations - Importer: ScriptedImporter/UnityEditor.QuickSearchModule:UnityEditor.Search:ASIAI0B -> (ImportResultId: 'b9c6690b88cdb545bc361c8d4db80570') in 0.0020654 seconds
[Worker0] Imported GUID: c37c4c45cacc46edb43b8c32617b3e34 - Path: Packages/com.unity.multiplayer.center/Tests/Editor/UtilsForGettingStartedTabTests.cs - Importer: ScriptedImporter/UnityEditor.QuickSearchModule:UnityEditor.Search:ASIAI0B -> (ImportResultId: 'a8033f8aedcd89e3505683ccb3f08dfa') in 0.0033123 seconds
[Worker0] Imported GUID: 77be953cf28de42a4ad8532539fef3f5 - Path: Packages/com.unity.multiplayer.center/Editor/MultiplayerCenterWindow/UI/Icons/d_PackageInstalled.png - Importer: ScriptedImporter/UnityEditor.QuickSearchModule:UnityEditor.Search:ASIAI0B -> (ImportResultId: '758025c8314b23f10f09b6492a3f9a7c') in 0.0048865 seconds
[Worker0] Imported GUID: 38a11839c22b4e67aa2e508d906edf65 - Path: Packages/com.unity.multiplayer.center/Editor/Recommendations/RecommenderSystemData.cs - Importer: ScriptedImporter/UnityEditor.QuickSearchModule:UnityEditor.Search:ASIAI0B -> (ImportResultId: '2f896f25b1d7681a064423c64e0bc5d8') in 0.0025491 seconds
[Worker0] Imported GUID: 5d117d33f89d41cd9123918383c9b981 - Path: Packages/com.unity.multiplayer.center/Editor/Questionnaire/QuestionnaireEditor.cs - Importer: ScriptedImporter/UnityEditor.QuickSearchModule:UnityEditor.Search:ASIAI0B -> (ImportResultId: '3bac569aa69cfb8f1cd7f7b5a1bd8ca4') in 0.0025955 seconds
[Worker0] Imported GUID: b46a48f780f84026b9d1e73ee1b0121d - Path: Packages/com.unity.multiplayer.center/Editor/Recommendations/RecommendationType.cs - Importer: ScriptedImporter/UnityEditor.QuickSearchModule:UnityEditor.Search:ASIAI0B -> (ImportResultId: 'cb3a77e11c826f6a8cbf03afa47d4c38') in 0.0019738 seconds
[Worker0] Imported GUID: 0354877031b64465ea7e5cafea1a2653 - Path: Packages/com.unity.multiplayer.center/Editor/MultiplayerCenterWindow/UI/Icons/DistributedAuthority@2x.png - Importer: ScriptedImporter/UnityEditor.QuickSearchModule:UnityEditor.Search:ASIAI0B -> (ImportResultId: '47b518b1a2c5bdb6a05ae02eaf8c9008') in 0.0053554 seconds
[Worker0] Imported GUID: 7456ea4ba2dcd48d3909b82e610f2048 - Path: Packages/com.unity.multiplayer.center/Tests/Runtime/PlaceholderTest.cs - Importer: ScriptedImporter/UnityEditor.QuickSearchModule:UnityEditor.Search:ASIAI0B -> (ImportResultId: '528cf4031e15a877ad96ce8194ccad0b') in 0.0020636 seconds
[Worker0] Imported GUID: 89ffa359141b49fea9bfa6a1db3b18be - Path: Packages/com.unity.multiplayer.center/Tests/Editor/AssemblyInfo.cs - Importer: ScriptedImporter/UnityEditor.QuickSearchModule:UnityEditor.Search:ASIAI0B -> (ImportResultId: 'f7299e3a4715e2eba1ee03c185be2be3') in 0.0020642 seconds
[Worker0] Imported GUID: d9beb5106d424f23902054f76d4b673d - Path: Packages/com.unity.multiplayer.center/Editor/Questionnaire/Logic.cs - Importer: ScriptedImporter/UnityEditor.QuickSearchModule:UnityEditor.Search:ASIAI0B -> (ImportResultId: '931c131c2180090f07f8dfbb52901683') in 0.0035136 seconds
[Worker0] Imported GUID: 23342257960b4b618e6f7c444137663c - Path: Packages/com.unity.multiplayer.center/Editor/Recommendations/PreReleaseHandling.cs - Importer: ScriptedImporter/UnityEditor.QuickSearchModule:UnityEditor.Search:ASIAI0B -> (ImportResultId: '2c97f4c62148020653b43e30616915d2') in 0.0023491 seconds
[Worker0] Imported GUID: 15513aed5d41411c887ccfe14c103337 - Path: Packages/com.unity.multiplayer.center/Tests/Editor/UserChoicesMigrationTests.cs - Importer: ScriptedImporter/UnityEditor.QuickSearchModule:UnityEditor.Search:ASIAI0B -> (ImportResultId: '53c129742b6c31e02c9da8a1a6c14c77') in 0.0020331 seconds
[Worker0] Imported GUID: f526d484b0c04a1896c469f31c713786 - Path: Packages/com.unity.multiplayer.center/Editor/Recommendations/Scoring.cs - Importer: ScriptedImporter/UnityEditor.QuickSearchModule:UnityEditor.Search:ASIAI0B -> (ImportResultId: '8d4c287e6a67d89dd837c213de7a3afb') in 0.0022497 seconds
[Worker0] Imported GUID: c3677cd9ede84e78b2fff6331c6301da - Path: Packages/com.unity.multiplayer.center/Editor/Questionnaire/QuestionnaireObject.cs - Importer: ScriptedImporter/UnityEditor.QuickSearchModule:UnityEditor.Search:ASIAI0B -> (ImportResultId: '70ebdb26b806432f0a613f898280b29f') in 0.0019496 seconds
[Worker0] Imported GUID: 0efb92c924574ec59b71b9185a6ed8fb - Path: Packages/com.unity.multiplayer.center/Tests/Editor/RecommendationTests.cs - Importer: ScriptedImporter/UnityEditor.QuickSearchModule:UnityEditor.Search:ASIAI0B -> (ImportResultId: 'e1acf0e79fe0afd43a7f33fd1f07fe16') in 0.0018081 seconds
[Worker0] Imported GUID: 4f78a544322c742b89e63fb68557b1d2 - Path: Packages/com.unity.multiplayer.center/Editor/MultiplayerCenterWindow/UI/Icons/Check.png - Importer: ScriptedImporter/UnityEditor.QuickSearchModule:UnityEditor.Search:ASIAI0B -> (ImportResultId: 'd2558dda8f2498acc4bf846de3b2174a') in 0.0048847 seconds
[Worker0] Imported GUID: 284da2a38ea043d69e1a38fd8a22bec9 - Path: Packages/com.unity.multiplayer.center/Tests/Editor/RecommenderSystemTests.cs - Importer: ScriptedImporter/UnityEditor.QuickSearchModule:UnityEditor.Search:ASIAI0B -> (ImportResultId: '47d6c660d8a5cfa6f2ee1858fb3bf69f') in 0.0022985 seconds
[Worker0] Imported GUID: dce12af736e0a4a1ba35d6424f897dc9 - Path: Packages/com.unity.multiplayer.center/Editor/MultiplayerCenterWindow/UI/Icons/CustomNetcode.png - Importer: ScriptedImporter/UnityEditor.QuickSearchModule:UnityEditor.Search:ASIAI0B -> (ImportResultId: 'fc34c00b6c45e31011dfe523ce418152') in 0.0044616 seconds
[Worker0] Imported GUID: b2ce704e56cc84fb3b347499263c6244 - Path: Packages/com.unity.multiplayer.center/Editor/MultiplayerCenterWindow/UI/Icons/ClientHosted.png - Importer: ScriptedImporter/UnityEditor.QuickSearchModule:UnityEditor.Search:ASIAI0B -> (ImportResultId: '90caf2fb4588155dce48ead676b2254e') in 0.0054096 seconds
[Worker0] Imported GUID: bac00d6e07f0b4305bb395363c89d92b - Path: Packages/com.unity.multiplayer.center/Editor/MultiplayerCenterWindow/UI/MultiplayerCenterWindow.uss - Importer: ScriptedImporter/UnityEditor.QuickSearchModule:UnityEditor.Search:ASIAI0B -> (ImportResultId: '2b59e468c610b1ddc471b64965cdcc4c') in 0.0090678 seconds
[Worker0] Imported GUID: b6a02e450cd04bb781e7728f2056251c - Path: Packages/com.unity.multiplayer.center/Editor/Recommendations/RecommenderSystemDataObject.cs - Importer: ScriptedImporter/UnityEditor.QuickSearchModule:UnityEditor.Search:ASIAI0B -> (ImportResultId: '0eb04b0fa8ced2f9c6a1c47e9c437480') in 0.0027289 seconds
[Worker0] Imported GUID: a6fd0c627f5aa48fa81512221e70a11e - Path: Packages/com.unity.multiplayer.center/Editor/MultiplayerCenterWindow/UI/Icons/d_PackageManager@2x.png - Importer: ScriptedImporter/UnityEditor.QuickSearchModule:UnityEditor.Search:ASIAI0B -> (ImportResultId: '41ff1dd3e2c19945e5116949bf842d64') in 0.0052922 seconds
[Worker0] Imported GUID: 2664430aff4254d79887d32c3fc1e221 - Path: Packages/com.unity.multiplayer.center/Tests/Runtime/Unity.Multiplayer.Center.Tests.asmdef - Importer: ScriptedImporter/UnityEditor.QuickSearchModule:UnityEditor.Search:ASIAI0B -> (ImportResultId: '0bb62607371a903817b1c4e362968b79') in 0.0025414 seconds
[Worker0] Imported GUID: 18cde282a8d045bf9d245fdcfaa7271b - Path: Packages/com.unity.multiplayer.center/Editor/Questionnaire/UserChoicesObject.cs - Importer: ScriptedImporter/UnityEditor.QuickSearchModule:UnityEditor.Search:ASIAI0B -> (ImportResultId: '26c540a685e0be67e92425d133fca504') in 0.0022255 seconds
[Worker0] Imported GUID: 318df756abab5463e9aa361360784865 - Path: Packages/com.unity.multiplayer.center/Editor/MultiplayerCenterWindow/UI/Icons/d_PackageInstalled@2x.png - Importer: ScriptedImporter/UnityEditor.QuickSearchModule:UnityEditor.Search:ASIAI0B -> (ImportResultId: 'a23d1376a4f2ef824081a6765b1cc620') in 0.004952 seconds
[Worker0] Imported GUID: 84e4bbd00035e4671bf14e0380a89001 - Path: Packages/com.unity.multiplayer.center/Editor/MultiplayerCenterWindow/UI/Icons/EmptyViewIcon.png - Importer: ScriptedImporter/UnityEditor.QuickSearchModule:UnityEditor.Search:ASIAI0B -> (ImportResultId: '1ba8916a2409c88b3d89661284f16caf') in 0.0048021 seconds
[Worker0] Imported GUID: 71b3035ad4d343cbbe033e93369d187e - Path: Packages/com.unity.multiplayer.center/Editor/Recommendations/RecommendationAuthoringData.cs - Importer: ScriptedImporter/UnityEditor.QuickSearchModule:UnityEditor.Search:ASIAI0B -> (ImportResultId: '2b7a0d231e4725d087427d6ff2abb323') in 0.0020649 seconds
[Worker0] Imported GUID: 1984cd07fe96417f9e88f5771f6b4b32 - Path: Packages/com.unity.multiplayer.center/Editor/MultiplayerCenterWindow/UI/dark.uss - Importer: ScriptedImporter/UnityEditor.QuickSearchModule:UnityEditor.Search:ASIAI0B -> (ImportResultId: 'fc63679f4c5a4d022cb40a76416dd9ef') in 0.0037769 seconds
[Worker0] Imported GUID: bcf305fff4614e26a6979b63e954f6d6 - Path: Packages/com.unity.multiplayer.center/Editor/MultiplayerCenterWindow/UI/QuestionnaireView.cs - Importer: ScriptedImporter/UnityEditor.QuickSearchModule:UnityEditor.Search:ASIAI0B -> (ImportResultId: '22b61fa503dc6ac31fc54d2141ef65c5') in 0.0020016 seconds
[Worker0] Imported GUID: ea491f91a8b84866ad13371715bf90c8 - Path: Packages/com.unity.multiplayer.center/Tests/Editor/LogicTests.cs - Importer: ScriptedImporter/UnityEditor.QuickSearchModule:UnityEditor.Search:ASIAI0B -> (ImportResultId: '34f7851de9a0b1e4231addb44d067684') in 0.0020351 seconds
[Worker0] Imported GUID: 470a2d15035f44b7b2888a0db0704bff - Path: Packages/com.unity.multiplayer.center/Tests/Editor/TabGroupTests.cs - Importer: ScriptedImporter/UnityEditor.QuickSearchModule:UnityEditor.Search:ASIAI0B -> (ImportResultId: 'f4102685d790b991054376d648af1f3c') in 0.0018561 seconds
[Worker0] Imported GUID: 2adffcc506285402aa795dee6f3166d0 - Path: Packages/com.unity.multiplayer.center/Editor/MultiplayerCenterWindow/UI/Icons/EmptyViewIcon@2x.png - Importer: ScriptedImporter/UnityEditor.QuickSearchModule:UnityEditor.Search:ASIAI0B -> (ImportResultId: '55bd20cbc9ceb590778d40f244d8ef03') in 0.0053072 seconds
[Worker0] Imported GUID: c7a38e6eccbfc49778cb8b77f594a971 - Path: Packages/com.unity.multiplayer.center/Editor/MultiplayerCenterWindow/UI/Icons/ClientHosted@2x.png - Importer: ScriptedImporter/UnityEditor.QuickSearchModule:UnityEditor.Search:ASIAI0B -> (ImportResultId: '5f7595b56ef79a364d8debe1553b2f95') in 0.0059988 seconds
[Worker0] Imported GUID: 679f9999c6f8f497e806a2d5d0511879 - Path: Packages/com.unity.multiplayer.center/Editor/MultiplayerCenterWindow/UI/Icons/PackageManager.png - Importer: ScriptedImporter/UnityEditor.QuickSearchModule:UnityEditor.Search:ASIAI0B -> (ImportResultId: '0a221438fa2d2d1b31d1a033e80d4c2d') in 0.0047503 seconds
[Worker0] Imported GUID: 96d14b71b907bb52333b2886e665aba6 - Path: Packages/com.unity.modules.video/package.json - Importer: ScriptedImporter/UnityEditor.QuickSearchModule:UnityEditor.Search:ASIAI0B -> (ImportResultId: '5843d047f62adc32631cc69c4b9cc0a3') in 0.002614 seconds
[Worker0] Imported GUID: fe6a6957b37b61417b457a1e0541791d - Path: Packages/com.unity.modules.physics2d/package.ModuleCompilationTrigger - Importer: ScriptedImporter/UnityEditor.QuickSearchModule:UnityEditor.Search:ASIAI0B -> (ImportResultId: 'ac6c1cd5c8a37c16a4d478ac5101b661') in 0.0019744 seconds
[Worker0] Imported GUID: 5262b119dc3e4259a40e6d93c8ea1048 - Path: Packages/com.unity.multiplayer.center/Editor/MultiplayerCenterWindow/UI/RecommendationView/PackageSelectionView.cs - Importer: ScriptedImporter/UnityEditor.QuickSearchModule:UnityEditor.Search:ASIAI0B -> (ImportResultId: '9c8fd1184302d486f3ebf2de3c6ce814') in 0.0018567 seconds
[Worker0] Imported GUID: 4745d06d5a7ca576dcf9e5e67b417652 - Path: Packages/com.unity.modules.accessibility/package.ModuleCompilationTrigger - Importer: ScriptedImporter/UnityEditor.QuickSearchModule:UnityEditor.Search:ASIAI0B -> (ImportResultId: 'b85d17261c1342509e76d78cd051dda9') in 0.002097 seconds
[Worker0] Imported GUID: f1e4f3f59aa446bfb097357fa8ad4a8b - Path: Packages/com.unity.multiplayer.center/Editor/MultiplayerCenterWindow/UI/RecommendationView/SolutionSelectionView.cs - Importer: ScriptedImporter/UnityEditor.QuickSearchModule:UnityEditor.Search:ASIAI0B -> (ImportResultId: '7753972c53487ee466521d5dca1099a5') in 0.0018924 seconds
[Worker0] Imported GUID: 9b1a5759726ef9d39a0ab82047b615f1 - Path: Packages/com.unity.modules.hierarchycore/package.json - Importer: ScriptedImporter/UnityEditor.QuickSearchModule:UnityEditor.Search:ASIAI0B -> (ImportResultId: 'c8aa4e3bd9be2342eae0c5f4278140be') in 0.0019868 seconds
[Worker0] Imported GUID: c82e859b16636ddd2ca4a1f63fd34938 - Path: Packages/com.unity.modules.androidjni/package.ModuleCompilationTrigger - Importer: ScriptedImporter/UnityEditor.QuickSearchModule:UnityEditor.Search:ASIAI0B -> (ImportResultId: '533a93132630bea8d9d250c7718f194c') in 0.001812 seconds
[Worker0] Imported GUID: 0423146d9f51c4563a0f2a8200b6cd38 - Path: Packages/com.unity.multiplayer.center/Editor/MultiplayerCenterWindow/UI/Icons/PackageInstalled@2x.png - Importer: ScriptedImporter/UnityEditor.QuickSearchModule:UnityEditor.Search:ASIAI0B -> (ImportResultId: '14716e17722c91e44253de854fbb886c') in 0.0046674 seconds
[Worker0] Imported GUID: 4c413a81cadcce7038e446e56570117e - Path: Packages/com.unity.modules.adaptiveperformance/package.json - Importer: ScriptedImporter/UnityEditor.QuickSearchModule:UnityEditor.Search:ASIAI0B -> (ImportResultId: '8be7ab1925a0aaf603096a600f7e1cab') in 0.0019951 seconds
[Worker0] Imported GUID: 8d4bc6bfa28760b29f13174d6b6ea710 - Path: Packages/com.unity.modules.subsystems/package.ModuleCompilationTrigger - Importer: ScriptedImporter/UnityEditor.QuickSearchModule:UnityEditor.Search:ASIAI0B -> (ImportResultId: '8f1bc8b3bb0734a4d8155b96fe725140') in 0.002537 seconds
[Worker0] Imported GUID: 082fbee38a82835433261a5e9c00e267 - Path: Packages/com.unity.modules.cloth/package.ModuleCompilationTrigger - Importer: ScriptedImporter/UnityEditor.QuickSearchModule:UnityEditor.Search:ASIAI0B -> (ImportResultId: '5b7b0e28a6e20e7904cee96a51840d5e') in 0.0017506 seconds
[Worker0] Imported GUID: 51fa60bb2bd1e5bc74e8cc95a7bfd5b7 - Path: Packages/com.unity.modules.ui/package.ModuleCompilationTrigger - Importer: ScriptedImporter/UnityEditor.QuickSearchModule:UnityEditor.Search:ASIAI0B -> (ImportResultId: '7fe060e4433909375fbb22c2b000294e') in 0.0018774 seconds
[Worker0] Imported GUID: 424a8de5def3b46dcb08edd00ad1c7bd - Path: Packages/com.unity.multiplayer.center/Editor/MultiplayerCenterWindow/UI/Icons/Loading.png - Importer: ScriptedImporter/UnityEditor.QuickSearchModule:UnityEditor.Search:ASIAI0B -> (ImportResultId: '15ba2c1a8ffb2b05c785c70e066e2edc') in 0.004148 seconds
[Worker0] Imported GUID: 17f093324b67f5bd57e55b546736750e - Path: Packages/com.unity.modules.particlesystem/package.ModuleCompilationTrigger - Importer: ScriptedImporter/UnityEditor.QuickSearchModule:UnityEditor.Search:ASIAI0B -> (ImportResultId: '3d7d6530ab9e4e03e3b72a4f76cbf061') in 0.0018132 seconds
[Worker0] Imported GUID: 87d720faa37005c08600090e04d8c739 - Path: Packages/com.unity.modules.particlesystem/package.json - Importer: ScriptedImporter/UnityEditor.QuickSearchModule:UnityEditor.Search:ASIAI0B -> (ImportResultId: 'cb081d5782533aa5b5574b6bad39902d') in 0.0020113 seconds
[Worker0] Imported GUID: 83b28bcaaf34b4fd580114fb05d9f160 - Path: Packages/com.unity.multiplayer.center/Editor/MultiplayerCenterWindow/UI/Icons/NGO@2x.png - Importer: ScriptedImporter/UnityEditor.QuickSearchModule:UnityEditor.Search:ASIAI0B -> (ImportResultId: '8145d34c9600f0217085b256267c99b4') in 0.0041448 seconds
[Worker0] Imported GUID: e2d09a26ce46dc617b54e49a534ace20 - Path: Packages/com.unity.modules.ai/package.ModuleCompilationTrigger - Importer: ScriptedImporter/UnityEditor.QuickSearchModule:UnityEditor.Search:ASIAI0B -> (ImportResultId: '73e7e63a714daad7e013d557abfdd6cc') in 0.0020993 seconds
[Worker0] Imported GUID: c88e90bad18cceb5d182d0c805883056 - Path: Packages/com.unity.modules.director/package.ModuleCompilationTrigger - Importer: ScriptedImporter/UnityEditor.QuickSearchModule:UnityEditor.Search:ASIAI0B -> (ImportResultId: '7549480bcb902de8e8c359baa4635736') in 0.0021743 seconds
[Worker0] Imported GUID: dd70cd654275d47db807e918055e004f - Path: Packages/com.unity.multiplayer.center/Editor/MultiplayerCenterWindow/UI/Icons/Questionnaire.png - Importer: ScriptedImporter/UnityEditor.QuickSearchModule:UnityEditor.Search:ASIAI0B -> (ImportResultId: '8958ae0230d659b48c7fc435624d632a') in 0.0052773 seconds
[Worker0] Imported GUID: 906c12bc9cd95d3963c6d58f62522c78 - Path: Packages/com.unity.modules.cloth/package.json - Importer: ScriptedImporter/UnityEditor.QuickSearchModule:UnityEditor.Search:ASIAI0B -> (ImportResultId: '866d22eb9c1c4bfa3e8f4f2d0d510353') in 0.0022268 seconds
[Worker0] Imported GUID: a2c71c02b50345e99168bda191ec01b4 - Path: Packages/com.unity.multiplayer.center/Editor/MultiplayerCenterWindow/UI/RecommendationView/RecommendationView.cs - Importer: ScriptedImporter/UnityEditor.QuickSearchModule:UnityEditor.Search:ASIAI0B -> (ImportResultId: 'bef608583b42208f6cd2471007e2872d') in 0.0022288 seconds
[Worker0] Imported GUID: 1af35a910338381f753e8a985eb5daab - Path: Packages/com.unity.modules.adaptiveperformance/package.ModuleCompilationTrigger - Importer: ScriptedImporter/UnityEditor.QuickSearchModule:UnityEditor.Search:ASIAI0B -> (ImportResultId: '56cb407025923084f1574d4cf818d03f') in 0.0018401 seconds
[Worker0] Imported GUID: 43674d438e19b89d7fe6af07234f3252 - Path: Packages/com.unity.modules.accessibility/package.json - Importer: ScriptedImporter/UnityEditor.QuickSearchModule:UnityEditor.Search:ASIAI0B -> (ImportResultId: '7ccd10a765935dab8b300ec4b11de692') in 0.0019946 seconds
[Worker0] Imported GUID: 2adec19fac7df68adf1fd6eb83197bb1 - Path: Packages/com.unity.modules.wind/package.ModuleCompilationTrigger - Importer: ScriptedImporter/UnityEditor.QuickSearchModule:UnityEditor.Search:ASIAI0B -> (ImportResultId: '57d56358dac3cdc166e6f4428f4b5175') in 0.0017341 seconds
[Worker0] Imported GUID: bfd567a3d1631a761bca9e99fa53d86d - Path: Packages/com.unity.modules.ui/package.json - Importer: ScriptedImporter/UnityEditor.QuickSearchModule:UnityEditor.Search:ASIAI0B -> (ImportResultId: '62cf0b4d240ddf8c988a1115881bd451') in 0.0016959 seconds
[Worker0] Imported GUID: d104359075a97392b803d3d5aebc77f7 - Path: Packages/com.unity.modules.hierarchycore/package.ModuleCompilationTrigger - Importer: ScriptedImporter/UnityEditor.QuickSearchModule:UnityEditor.Search:ASIAI0B -> (ImportResultId: 'bc44b86d42de7ecf8210a1d4e860417a') in 0.001708 seconds
[Worker0] Imported GUID: f62135e79edb837b2d2ee3c524da864c - Path: Packages/com.unity.modules.video/package.ModuleCompilationTrigger - Importer: ScriptedImporter/UnityEditor.QuickSearchModule:UnityEditor.Search:ASIAI0B -> (ImportResultId: '99fa88645fa0f6c1dfcf4a9424ec9066') in 0.0017323 seconds
[Worker0] Imported GUID: 4616b2fa4acd1429e931835b80966c2a - Path: Packages/com.unity.multiplayer.center/Editor/MultiplayerCenterWindow/UI/Icons/PackageInstalled.png - Importer: ScriptedImporter/UnityEditor.QuickSearchModule:UnityEditor.Search:ASIAI0B -> (ImportResultId: '174286c54ec166de20da0e473cccb47e') in 0.004434 seconds
[Worker0] Imported GUID: f7a8357347c80dc69c08d0b1a05e2122 - Path: Packages/com.unity.modules.physics2d/package.json - Importer: ScriptedImporter/UnityEditor.QuickSearchModule:UnityEditor.Search:ASIAI0B -> (ImportResultId: '3f759338d798f871318bc0ecda911849') in 0.002022 seconds
[Worker0] Imported GUID: 05f7f519769978b79b31d063a7fc6fa1 - Path: Packages/com.unity.modules.unitywebrequestassetbundle/package.json - Importer: ScriptedImporter/UnityEditor.QuickSearchModule:UnityEditor.Search:ASIAI0B -> (ImportResultId: '349140e27a9254c6611dcdb8e4e8e40a') in 0.0019348 seconds
[Worker0] Imported GUID: e9669051ff70449b5923861e0e0b8838 - Path: Packages/com.unity.multiplayer.center/Editor/MultiplayerCenterWindow/UI/Icons/N4E.png - Importer: ScriptedImporter/UnityEditor.QuickSearchModule:UnityEditor.Search:ASIAI0B -> (ImportResultId: '1fdb1b63588092943ee83754501ecb72') in 0.0048283 seconds
[Worker0] Imported GUID: 5c1ee4056d0ac7ad3c5a16597fcaa38a - Path: Packages/com.unity.modules.physics/package.ModuleCompilationTrigger - Importer: ScriptedImporter/UnityEditor.QuickSearchModule:UnityEditor.Search:ASIAI0B -> (ImportResultId: '5a24ab0cb932f130a5f3eef059025eb0') in 0.0023024 seconds
[Worker0] Imported GUID: 1daed49eec0f94f7ebb36dfef6159884 - Path: Packages/com.unity.multiplayer.center/Editor/MultiplayerCenterWindow/UI/Icons/NoNetcode.png - Importer: ScriptedImporter/UnityEditor.QuickSearchModule:UnityEditor.Search:ASIAI0B -> (ImportResultId: 'c54dd18f7535c08999365bf9411fd8e5') in 0.0047315 seconds
[Worker0] Imported GUID: e5c46c19ce0ce2e0103aa6f82df1043a - Path: Packages/com.unity.modules.vehicles/package.ModuleCompilationTrigger - Importer: ScriptedImporter/UnityEditor.QuickSearchModule:UnityEditor.Search:ASIAI0B -> (ImportResultId: '6b6df1d039393b9dca93a702e97f92d3') in 0.0019901 seconds
[Worker0] Imported GUID: 830a36a23cf3ab1e61fa47940a6dc35e - Path: Packages/com.unity.modules.imageconversion/package.ModuleCompilationTrigger - Importer: ScriptedImporter/UnityEditor.QuickSearchModule:UnityEditor.Search:ASIAI0B -> (ImportResultId: 'e454aa449bc70b99599766190fae2ead') in 0.0024687 seconds
[Worker0] Imported GUID: db8e609a39b9b231fccc54e5fa4cbd1b - Path: Packages/com.unity.modules.animation/package.ModuleCompilationTrigger - Importer: ScriptedImporter/UnityEditor.QuickSearchModule:UnityEditor.Search:ASIAI0B -> (ImportResultId: '98fccae68ad45604c7178e7806879259') in 0.002418 seconds
[Worker0] Imported GUID: 953fab16d15d5885b3600fcd6388b2ad - Path: Packages/com.unity.modules.imageconversion/package.json - Importer: ScriptedImporter/UnityEditor.QuickSearchModule:UnityEditor.Search:ASIAI0B -> (ImportResultId: '35b124b421683b909b24036e8cd4ce2b') in 0.0021998 seconds
[Worker0] Imported GUID: 1a4266815e998967becf686f9c71f0a6 - Path: Packages/com.unity.modules.physics/package.json - Importer: ScriptedImporter/UnityEditor.QuickSearchModule:UnityEditor.Search:ASIAI0B -> (ImportResultId: '82347f5c210413fd933e88c2ff5ba127') in 0.002317 seconds
[Worker0] Imported GUID: 6afb166a156df2d20433d981f4bb2832 - Path: Packages/com.unity.modules.vehicles/package.json - Importer: ScriptedImporter/UnityEditor.QuickSearchModule:UnityEditor.Search:ASIAI0B -> (ImportResultId: '3e8511a2122af5328843bfa1bae2f875') in 0.0022729 seconds
[Worker0] Imported GUID: ec02776fe29df900b897106d61977735 - Path: Packages/com.unity.modules.director/package.json - Importer: ScriptedImporter/UnityEditor.QuickSearchModule:UnityEditor.Search:ASIAI0B -> (ImportResultId: '43a3691753052d435668534d1832885f') in 0.0017469 seconds
[Worker0] Imported GUID: b58a826ca804e4c67bab4283ad5a6102 - Path: Packages/com.unity.multiplayer.center/Editor/MultiplayerCenterWindow/UI/Icons/NoNetcode@2x.png - Importer: ScriptedImporter/UnityEditor.QuickSearchModule:UnityEditor.Search:ASIAI0B -> (ImportResultId: 'b901a3cb2d50b46b41bfe9369dac6997') in 0.0043736 seconds
[Worker0] Imported GUID: bd1af0a6633ee94ae21c7d1d702cdc12 - Path: Packages/com.unity.modules.androidjni/package.json - Importer: ScriptedImporter/UnityEditor.QuickSearchModule:UnityEditor.Search:ASIAI0B -> (ImportResultId: '89f446324cbdf61816ff29096158ccf4') in 0.0025728 seconds
[Worker0] Imported GUID: 7ef8348b8ea834d7e1bc214b07f7fb87 - Path: Packages/com.unity.modules.animation/package.json - Importer: ScriptedImporter/UnityEditor.QuickSearchModule:UnityEditor.Search:ASIAI0B -> (ImportResultId: 'e45f5464713ea702953bdee09fe0c085') in 0.0019602 seconds
[Worker0] Imported GUID: 7610600f5c83e01041a6fe849d39279f - Path: Packages/com.unity.modules.unitywebrequestassetbundle/package.ModuleCompilationTrigger - Importer: ScriptedImporter/UnityEditor.QuickSearchModule:UnityEditor.Search:ASIAI0B -> (ImportResultId: 'e28bd8f882be59cd307da5e358daf991') in 0.0015782 seconds
[Worker0] Imported GUID: f0f13f2ab3d6d13cfc6e4656824bfca8 - Path: Packages/com.unity.modules.ai/package.json - Importer: ScriptedImporter/UnityEditor.QuickSearchModule:UnityEditor.Search:ASIAI0B -> (ImportResultId: 'd51d592ae8f2368f17de72a7d116aaad') in 0.0016172 seconds
[Worker0] Imported GUID: 99da7b3894f364efdb5fa1443952a55d - Path: Packages/com.unity.multiplayer.center/Editor/MultiplayerCenterWindow/UI/Icons/NGO.png - Importer: ScriptedImporter/UnityEditor.QuickSearchModule:UnityEditor.Search:ASIAI0B -> (ImportResultId: '7a6e2569f0e0a2354049d7c1df0a58a0') in 0.0044654 seconds
[Worker0] Imported GUID: 281e16dfc02f4a86bf924188eb96b176 - Path: Packages/com.unity.multiplayer.center/Editor/MultiplayerCenterWindow/UI/RecommendationView/RecommendationItemView.cs - Importer: ScriptedImporter/UnityEditor.QuickSearchModule:UnityEditor.Search:ASIAI0B -> (ImportResultId: '5a747ba77f5c86f5c138e89715a21817') in 0.0019527 seconds
[Worker0] Imported GUID: b83f06ac0c0696e9563230865ca72b81 - Path: Packages/com.unity.modules.wind/package.json - Importer: ScriptedImporter/UnityEditor.QuickSearchModule:UnityEditor.Search:ASIAI0B -> (ImportResultId: '625e37be41684fba9c66d8a208ecd87d') in 0.0018095 seconds
[Worker0] Imported GUID: 2cb589d4e01184d928bb698f06e77561 - Path: Packages/com.unity.multiplayer.center/Editor/MultiplayerCenterWindow/UI/Icons/N4E@2x.png - Importer: ScriptedImporter/UnityEditor.QuickSearchModule:UnityEditor.Search:ASIAI0B -> (ImportResultId: '21e830409eea992b1ebe271687a6240f') in 0.0041822 seconds
[Worker0] Imported GUID: 9d9689eab72c8480c90679f4dcf18820 - Path: Packages/com.unity.multiplayer.center/Editor/MultiplayerCenterWindow/UI/Icons/Package.png - Importer: ScriptedImporter/UnityEditor.QuickSearchModule:UnityEditor.Search:ASIAI0B -> (ImportResultId: '48195e71ed638a3bf630fe9708c3e501') in 0.0046803 seconds
[Worker0] Imported GUID: 30b312a167534621b316172253b08723 - Path: Packages/com.unity.modules.subsystems/package.json - Importer: ScriptedImporter/UnityEditor.QuickSearchModule:UnityEditor.Search:ASIAI0B -> (ImportResultId: 'e7bb41672d7cc1294b6223707cf7c424') in 0.0025532 seconds
[Worker0] Imported GUID: 63314900d81e4a15814496af1889cb51 - Path: Packages/com.unity.multiplayer.center/Editor/MultiplayerCenterWindow/UI/RecommendationView/SectionHeader.cs - Importer: ScriptedImporter/UnityEditor.QuickSearchModule:UnityEditor.Search:ASIAI0B -> (ImportResultId: '7bd2c19c0e905d3e6dc2b1a67dcd46e1') in 0.0019744 seconds
[Worker0] Imported GUID: 9431e8221045c4af189b2fa7174b9e9f - Path: Packages/com.unity.multiplayer.center/Editor/MultiplayerCenterWindow/UI/Icons/PackageManager@2x.png - Importer: ScriptedImporter/UnityEditor.QuickSearchModule:UnityEditor.Search:ASIAI0B -> (ImportResultId: 'a73333138a3f661718ef058ea818ae3d') in 0.0042525 seconds
[Worker0] Imported GUID: 3cc1ebf2abb7fef6871ad48f499b6e21 - Path: Packages/com.unity.modules.vectorgraphics/package.ModuleCompilationTrigger - Importer: ScriptedImporter/UnityEditor.QuickSearchModule:UnityEditor.Search:ASIAI0B -> (ImportResultId: '22bb2486cafb60b05db05f15dad9cc21') in 0.0019303 seconds
[Worker0] Imported GUID: d2ec2d1228c8e67cdd913cb5609176a2 - Path: Packages/com.unity.modules.unitywebrequest/package.ModuleCompilationTrigger - Importer: ScriptedImporter/UnityEditor.QuickSearchModule:UnityEditor.Search:ASIAI0B -> (ImportResultId: '4b7fec29cbf89f335a35381a8bf11042') in 0.0018098 seconds
[Worker0] Imported GUID: 3fdd83b151eb8d25c5e2f82fc39dcb04 - Path: Packages/com.unity.modules.unitywebrequest/package.json - Importer: ScriptedImporter/UnityEditor.QuickSearchModule:UnityEditor.Search:ASIAI0B -> (ImportResultId: '5419c9f0e90e576358a3eb988a124bf9') in 0.0017151 seconds
[Worker0] Imported GUID: 78e5667e52329c3ceef41288763404ae - Path: Packages/com.unity.modules.vectorgraphics/package.json - Importer: ScriptedImporter/UnityEditor.QuickSearchModule:UnityEditor.Search:ASIAI0B -> (ImportResultId: '0c9d055e099d800df8092ff9f7b4321f') in 0.0018445 seconds
[Licensing::Client] Successfully resolved entitlement details
Android Extension - Scanning For ADB Devices 2745 ms
Android Extension - Scanning For ADB Devices 330 ms
Worker ready: AssetImportWorkerHW1 1
Worker ready: AssetImportWorkerHW2 2
Attempted to call .Dispose on an already disposed CancellationTokenSource
Android Extension - Scanning For ADB Devices 293 ms
Android Extension - Scanning For ADB Devices 286 ms
[Licensing::Client] Successfully resolved entitlement details
[Licensing::Client] Successfully resolved entitlement details
[Licensing::Client] Successfully resolved entitlement details
[Licensing::Client] Successfully resolved entitlement details
[Licensing::Client] Successfully resolved entitlement details
[Licensing::Client] Successfully resolved entitlement details
[Licensing::Client] Successfully resolved entitlement details
[Licensing::Client] Successfully resolved entitlement details
[Licensing::Client] Successfully resolved entitlement details
[Licensing::Client] Successfully resolved entitlement details
[Licensing::Client] Successfully resolved entitlement details
[Licensing::Client] Successfully resolved entitlement details
[Licensing::Client] Successfully resolved entitlement details
[Licensing::Client] Successfully resolved entitlement details
[Licensing::Client] Successfully resolved entitlement details
[Licensing::Client] Successfully resolved entitlement details
[Licensing::Client] Successfully resolved entitlement details
[Licensing::Client] Successfully resolved entitlement details
[Licensing::Client] Successfully resolved entitlement details
[Licensing::Client] Successfully resolved entitlement details
[Worker2] Imported GUID: df0857f6a11054383be91b1f8e1b5800 - Path: Packages/com.unity.multiplayer.center/package.json - Importer: PreviewImporter -> (ImportResultId: '77f28deb0c035f91d08de4c27bf1b29e') in 0.0163858 seconds
[Worker2] Imported GUID: f247964bd405431fbd31840f97bef608 - Path: Packages/com.unity.multiplayer.center/Common - Importer: PreviewImporter -> (ImportResultId: '5ba72ee80d4fa98022172603f8a386e8') in 0.0016928 seconds
[Worker2] Imported GUID: 84abd2ab34a74600a33a3bb9d72859fe - Path: Packages/com.unity.multiplayer.center/Common/Unity.Multiplayer.Center.Common.asmdef - Importer: PreviewImporter -> (ImportResultId: '9bdf4773254a1996dd57bddf02145233') in 0.0004516 seconds
[Worker2] Imported GUID: be17709716f1648caa5de6d0c38103ed - Path: Packages/com.unity.multiplayer.center/Editor/Unity.Multiplayer.Center.Editor.asmdef - Importer: PreviewImporter -> (ImportResultId: '1fe7bdc11c0c6f5763c5f3cc6d210dc4') in 0.0007094 seconds
[Worker2] Imported GUID: 7a7dcde6448847648629a13d746ce966 - Path: Packages/com.unity.multiplayer.center/Editor/MultiplayerCenterWindow - Importer: PreviewImporter -> (ImportResultId: '937bb678591695f85d206ab59a62a439') in 0.0004494 seconds
TrimDiskCacheJob: Current cache size 0mb
Cannot open scene at path motores3pjd3v2026/Assets/Scenes/_Boot.unity. Maybe the scene hasn't been imported. This can be done with an AssetDatabase.Refresh() call.
Asset Pipeline Refresh (id=7b6ea24078d4ceb469ec588175ef0b0d): Total: 0.010 seconds - Initiated by RefreshV2(AllowForceSynchronousImport)
Asset Pipeline Refresh (id=edbed3a6b0e727f45b1aa4f4ff2548ec): Total: 0.005 seconds - Initiated by RefreshV2(AllowForceSynchronousImport)
[Licensing::Client] Successfully resolved entitlement details
[Licensing::Client] Successfully resolved entitlement details
[Licensing::Client] Successfully resolved entitlement details
[Licensing::Client] Successfully resolved entitlement details
[Licensing::Client] Successfully resolved entitlement details
Asset Pipeline Refresh (id=3132cd3fbf1ee7349b4200a9361e0ba7): Total: 0.003 seconds - Initiated by RefreshV2(ForceSynchronousImport)
[Licensing::Client] Successfully resolved entitlement details
[Package Manager] Done resolving packages in 0.07 seconds
[Licensing::Client] Successfully resolved entitlement details
[Package Manager] Registered 38 packages:
  Built-in packages:
    com.unity.multiplayer.center@1.0.1 (location: C:\Users\20231170150028\Documents\GitHub\motores3pjd3v2026\Library\PackageCache\com.unity.multiplayer.center@b860850997d0)
    com.unity.ugui@2.5.0 (location: C:\Users\20231170150028\Documents\GitHub\motores3pjd3v2026\Library\PackageCache\com.unity.ugui@f2d87ebaaa32)
    com.unity.modules.accessibility@1.0.0 (location: C:\Users\20231170150028\Documents\GitHub\motores3pjd3v2026\Library\PackageCache\com.unity.modules.accessibility)
    com.unity.modules.adaptiveperformance@1.0.0 (location: C:\Users\20231170150028\Documents\GitHub\motores3pjd3v2026\Library\PackageCache\com.unity.modules.adaptiveperformance)
    com.unity.modules.ai@1.0.0 (location: C:\Users\20231170150028\Documents\GitHub\motores3pjd3v2026\Library\PackageCache\com.unity.modules.ai)
    com.unity.modules.androidjni@1.0.0 (location: C:\Users\20231170150028\Documents\GitHub\motores3pjd3v2026\Library\PackageCache\com.unity.modules.androidjni)
    com.unity.modules.animation@1.0.0 (location: C:\Users\20231170150028\Documents\GitHub\motores3pjd3v2026\Library\PackageCache\com.unity.modules.animation)
    com.unity.modules.assetbundle@1.0.0 (location: C:\Users\20231170150028\Documents\GitHub\motores3pjd3v2026\Library\PackageCache\com.unity.modules.assetbundle)
    com.unity.modules.audio@1.0.0 (location: C:\Users\20231170150028\Documents\GitHub\motores3pjd3v2026\Library\PackageCache\com.unity.modules.audio)
    com.unity.modules.cloth@1.0.0 (location: C:\Users\20231170150028\Documents\GitHub\motores3pjd3v2026\Library\PackageCache\com.unity.modules.cloth)
    com.unity.modules.director@1.0.0 (location: C:\Users\20231170150028\Documents\GitHub\motores3pjd3v2026\Library\PackageCache\com.unity.modules.director)
    com.unity.modules.imageconversion@1.0.0 (location: C:\Users\20231170150028\Documents\GitHub\motores3pjd3v2026\Library\PackageCache\com.unity.modules.imageconversion)
    com.unity.modules.imgui@1.0.0 (location: C:\Users\20231170150028\Documents\GitHub\motores3pjd3v2026\Library\PackageCache\com.unity.modules.imgui)
    com.unity.modules.jsonserialize@1.0.0 (location: C:\Users\20231170150028\Documents\GitHub\motores3pjd3v2026\Library\PackageCache\com.unity.modules.jsonserialize)
    com.unity.modules.particlesystem@1.0.0 (location: C:\Users\20231170150028\Documents\GitHub\motores3pjd3v2026\Library\PackageCache\com.unity.modules.particlesystem)
    com.unity.modules.physics@1.0.0 (location: C:\Users\20231170150028\Documents\GitHub\motores3pjd3v2026\Library\PackageCache\com.unity.modules.physics)
    com.unity.modules.physics2d@1.0.0 (location: C:\Users\20231170150028\Documents\GitHub\motores3pjd3v2026\Library\PackageCache\com.unity.modules.physics2d)
    com.unity.modules.physicscore2d@1.0.0 (location: C:\Users\20231170150028\Documents\GitHub\motores3pjd3v2026\Library\PackageCache\com.unity.modules.physicscore2d)
    com.unity.modules.screencapture@1.0.0 (location: C:\Users\20231170150028\Documents\GitHub\motores3pjd3v2026\Library\PackageCache\com.unity.modules.screencapture)
    com.unity.modules.terrain@1.0.0 (location: C:\Users\20231170150028\Documents\GitHub\motores3pjd3v2026\Library\PackageCache\com.unity.modules.terrain)
    com.unity.modules.terrainphysics@1.0.0 (location: C:\Users\20231170150028\Documents\GitHub\motores3pjd3v2026\Library\PackageCache\com.unity.modules.terrainphysics)
    com.unity.modules.tilemap@1.0.0 (location: C:\Users\20231170150028\Documents\GitHub\motores3pjd3v2026\Library\PackageCache\com.unity.modules.tilemap)
    com.unity.modules.ui@1.0.0 (location: C:\Users\20231170150028\Documents\GitHub\motores3pjd3v2026\Library\PackageCache\com.unity.modules.ui)
    com.unity.modules.uielements@1.0.0 (location: C:\Users\20231170150028\Documents\GitHub\motores3pjd3v2026\Library\PackageCache\com.unity.modules.uielements)
    com.unity.modules.umbra@1.0.0 (location: C:\Users\20231170150028\Documents\GitHub\motores3pjd3v2026\Library\PackageCache\com.unity.modules.umbra)
    com.unity.modules.unityanalytics@1.0.0 (location: C:\Users\20231170150028\Documents\GitHub\motores3pjd3v2026\Library\PackageCache\com.unity.modules.unityanalytics)
    com.unity.modules.unitywebrequest@1.0.0 (location: C:\Users\20231170150028\Documents\GitHub\motores3pjd3v2026\Library\PackageCache\com.unity.modules.unitywebrequest)
    com.unity.modules.unitywebrequestassetbundle@1.0.0 (location: C:\Users\20231170150028\Documents\GitHub\motores3pjd3v2026\Library\PackageCache\com.unity.modules.unitywebrequestassetbundle)
    com.unity.modules.unitywebrequestaudio@1.0.0 (location: C:\Users\20231170150028\Documents\GitHub\motores3pjd3v2026\Library\PackageCache\com.unity.modules.unitywebrequestaudio)
    com.unity.modules.unitywebrequesttexture@1.0.0 (location: C:\Users\20231170150028\Documents\GitHub\motores3pjd3v2026\Library\PackageCache\com.unity.modules.unitywebrequesttexture)
    com.unity.modules.unitywebrequestwww@1.0.0 (location: C:\Users\20231170150028\Documents\GitHub\motores3pjd3v2026\Library\PackageCache\com.unity.modules.unitywebrequestwww)
    com.unity.modules.vectorgraphics@1.0.0 (location: C:\Users\20231170150028\Documents\GitHub\motores3pjd3v2026\Library\PackageCache\com.unity.modules.vectorgraphics)
    com.unity.modules.vehicles@1.0.0 (location: C:\Users\20231170150028\Documents\GitHub\motores3pjd3v2026\Library\PackageCache\com.unity.modules.vehicles)
    com.unity.modules.video@1.0.0 (location: C:\Users\20231170150028\Documents\GitHub\motores3pjd3v2026\Library\PackageCache\com.unity.modules.video)
    com.unity.modules.wind@1.0.0 (location: C:\Users\20231170150028\Documents\GitHub\motores3pjd3v2026\Library\PackageCache\com.unity.modules.wind)
    com.unity.modules.xr@1.0.0 (location: C:\Users\20231170150028\Documents\GitHub\motores3pjd3v2026\Library\PackageCache\com.unity.modules.xr)
    com.unity.modules.subsystems@1.0.0 (location: C:\Users\20231170150028\Documents\GitHub\motores3pjd3v2026\Library\PackageCache\com.unity.modules.subsystems)
    com.unity.modules.hierarchycore@1.0.0 (location: C:\Users\20231170150028\Documents\GitHub\motores3pjd3v2026\Library\PackageCache\com.unity.modules.hierarchycore)
[Subsystems] No new subsystems found in resolved package list.
[Package Manager] Done registering packages in 0.00 seconds
[ScriptCompilation] Requested script compilation because: Assembly Definition File(s) changed
[ScriptCompilation] Requested script compilation because: AssetDatabase observed changes in script compilation related files
[Licensing::Client] Successfully resolved entitlement details
info: Microsoft.AspNetCore.Hosting.Diagnostics[1]
      Request starting HTTP/2 POST http://ilpp/UnityILPP.PostProcessing/Ping - application/grpc -
info: Microsoft.AspNetCore.Routing.EndpointMiddleware[0]
      Executing endpoint 'gRPC - /UnityILPP.PostProcessing/Ping'
info: Microsoft.AspNetCore.Routing.EndpointMiddleware[1]
      Executed endpoint 'gRPC - /UnityILPP.PostProcessing/Ping'
info: Microsoft.AspNetCore.Hosting.Diagnostics[2]
      Request finished HTTP/2 POST http://ilpp/UnityILPP.PostProcessing/Ping - 200 - application/grpc 1.1323ms
Starting: C:\Program Files\Unity\Hub\Editor\6000.5.5f1\Editor\Data\Tools\BuildPipeline\bee_backend.exe --ipc --defer-dag-verification --dagfile="Library/Bee/1900b0aE.dag" --continue-on-failure --profile="Library/Bee/backend1.traceevents" ScriptAssemblies
WorkingDir: C:/Users/20231170150028/Documents/GitHub/motores3pjd3v2026
ExitCode: 4 Duration: 0s66ms
Rebuilding DAG because FileSignature timestamp changed: Library/Bee/1900b0aE-inputdata.json
*** Tundra requires additional run (0.03 seconds), 0 items updated, 186 evaluated
Starting: C:\Program Files\Unity\Hub\Editor\6000.5.5f1\Editor\Data\netcorerun\netcorerun.exe "C:\Program Files\Unity\Hub\Editor\6000.5.5f1\Editor\Data\Tools\BuildPipeline\ScriptCompilationBuildProgram.exe" "Library/Bee/1900b0aE.dag.json" "Library/Bee/1900b0aE-inputdata.json" "Library\Bee\buildprogram0.traceevents"
WorkingDir: C:/Users/20231170150028/Documents/GitHub/motores3pjd3v2026
ExitCode: 0 Duration: 0s235ms
Starting: C:\Program Files\Unity\Hub\Editor\6000.5.5f1\Editor\Data\Tools\BuildPipeline\bee_backend.exe --ipc --defer-dag-verification --dagfile="Library/Bee/1900b0aE.dag" --continue-on-failure --dagfilejson="Library\Bee\1900b0aE.dag.json" --profile="Library/Bee/backend2.traceevents" ScriptAssemblies
WorkingDir: C:/Users/20231170150028/Documents/GitHub/motores3pjd3v2026
ExitCode: 0 Duration: 3s407ms
Finished compiling graph: 241 nodes, 1938 flattened edges (1862 ToBuild, 16 ToUse), maximum node priority 84
[173/238    0s] WriteText Library/Bee/artifacts/1900b0aE.dag/UnityEngine.UI.rsp2
[174/238    0s] WriteText Library/Bee/artifacts/1900b0aE.dag/UnityEditor.UI.Analytics.rsp2
[175/238    0s] WriteText Library/Bee/artifacts/1900b0aE.dag/UnityEditor.UI.Analytics.rsp
[176/238    0s] WriteText Library/Bee/artifacts/1900b0aE.dag/Unity.TextMeshPro.Editor.rsp
[177/238    0s] WriteText Library/Bee/artifacts/1900b0aE.dag/UnityEditor.UI.Analytics.dll.mvfrm.rsp
[178/238    0s] WriteText Library/Bee/artifacts/1900b0aE.dag/UnityEditor.UI.rsp2
[179/238    0s] WriteText Library/Bee/artifacts/1900b0aE.dag/UnityEditor.UI.UnityAdditionalFile.txt
[180/238    0s] WriteText Library/Bee/artifacts/1900b0aE.dag/UnityEngine.UI.dll.mvfrm.rsp
[181/238    0s] WriteText Library/Bee/artifacts/1900b0aE.dag/Unity.InternalAPIEngineBridge.004.rsp2
[182/238    0s] WriteText Library/Bee/artifacts/1900b0aE.dag/Unity.InternalAPIEngineBridge.004.UnityAdditionalFile.txt
[183/238    0s] WriteText Library/Bee/artifacts/1900b0aE.dag/Unity.Multiplayer.Center.Common.dll.mvfrm.rsp
[184/238    0s] WriteText Library/Bee/artifacts/1900b0aE.dag/UnityEngine.UI.rsp
[185/238    0s] WriteText Library/Bee/artifacts/1900b0aE.dag/Unity.Multiplayer.Center.Editor.dll.mvfrm.rsp
[186/238    0s] WriteText Library/Bee/artifacts/1900b0aE.dag/Unity.Multiplayer.Center.Common.rsp
[187/238    0s] WriteText Library/Bee/artifacts/1900b0aE.dag/Unity.Multiplayer.Center.Editor.rsp
[188/238    0s] WriteText Library/Bee/artifacts/1900b0aE.dag/Unity.TextMeshPro.UnityAdditionalFile.txt
[189/238    0s] WriteText Library/Bee/artifacts/1900b0aE.dag/UnityEditor.UI.dll.mvfrm.rsp
[190/238    0s] WriteText Library/Bee/artifacts/1900b0aE.dag/Unity.InternalAPIEngineBridge.004.dll.mvfrm.rsp
[191/238    0s] WriteText Library/Bee/artifacts/1900b0aE.dag/Unity.TextMeshPro.rsp2
[192/238    0s] WriteText Library/Bee/artifacts/1900b0aE.dag/UnityEditor.UI.rsp
[193/238    0s] WriteText Library/Bee/artifacts/1900b0aE.dag/Unity.TextMeshPro.dll.mvfrm.rsp
[194/238    0s] WriteText Library/Bee/artifacts/1900b0aE.dag/Unity.InternalAPIEngineBridge.004.rsp
[195/238    0s] WriteText Library/Bee/artifacts/1900b0aE.dag/Unity.TextMeshPro.Editor.rsp2
[196/238    0s] WriteText Library/Bee/artifacts/1900b0aE.dag/Unity.TextMeshPro.Editor.UnityAdditionalFile.txt
[197/238    0s] WriteText Library/Bee/artifacts/1900b0aE.dag/UnityEditor.UI.Analytics.UnityAdditionalFile.txt
[198/238    0s] WriteText Library/Bee/artifacts/1900b0aE.dag/Unity.TextMeshPro.Editor.dll.mvfrm.rsp
[199/238    0s] WriteText Library/Bee/artifacts/1900b0aE.dag/Unity.TextMeshPro.rsp
[200/238    0s] WriteText Library/Bee/artifacts/1900b0aE.dag/UnityEngine.UI.UnityAdditionalFile.txt
[201/238    0s] MovedFromExtractor-Combine Library/Bee/artifacts/1900b0aE.dag/UnityEngine.UI.dll.mvfrm
[           0s] Csc Library/Bee/artifacts/1900b0aE.dag/UnityEngine.UI.dll (+2 others) [CacheMiss 3c5f6abd5da33728db595aa2d46baea500000000000000000000000000000006]
[202/238    0s] Csc Library/Bee/artifacts/1900b0aE.dag/UnityEngine.UI.dll (+2 others)
[           0s] Csc Library/Bee/artifacts/1900b0aE.dag/UnityEngine.UI.dll (+2 others) [CacheWrite 3c5f6abd5da33728db595aa2d46baea500000000000000000000000000000006]
[203/238    0s] CopyFiles Library/ScriptAssemblies/UnityEngine.UI.pdb
[204/238    0s] CopyFiles Library/ScriptAssemblies/UnityEngine.UI.dll
[205/238    0s] MovedFromExtractor Library/Bee/artifacts/mvdfrm/UnityEngine.UI.ref.dll_08FEAA520A2EFD60.mvfrm
[206/238    0s] MovedFromExtractor-Combine Library/Bee/artifacts/1900b0aE.dag/UnityEditor.UI.dll.mvfrm
[           0s] Csc Library/Bee/artifacts/1900b0aE.dag/UnityEditor.UI.dll (+2 others) [CacheMiss 1f47ee3058712971a5fb034985c0017900000000000000000000000000000006]
[207/238    0s] Csc Library/Bee/artifacts/1900b0aE.dag/UnityEditor.UI.dll (+2 others)
[           0s] Csc Library/Bee/artifacts/1900b0aE.dag/UnityEditor.UI.dll (+2 others) [CacheWrite 1f47ee3058712971a5fb034985c0017900000000000000000000000000000006]
[208/238    0s] CopyFiles Library/ScriptAssemblies/UnityEditor.UI.pdb
[209/238    0s] CopyFiles Library/ScriptAssemblies/UnityEditor.UI.dll
[210/238    0s] MovedFromExtractor Library/Bee/artifacts/mvdfrm/UnityEditor.UI.ref.dll_4C98D3F7040CD4F5.mvfrm
[211/238    0s] MovedFromExtractor-Combine Library/Bee/artifacts/1900b0aE.dag/Unity.InternalAPIEngineBridge.004.dll.mvfrm
[212/238    0s] MovedFromExtractor-Combine Library/Bee/artifacts/1900b0aE.dag/Unity.Multiplayer.Center.Common.dll.mvfrm
[           0s] Csc Library/Bee/artifacts/1900b0aE.dag/Unity.InternalAPIEngineBridge.004.dll (+2 others) [CacheMiss 70b244448609a282b18581561d937d9d00000000000000000000000000000006]
[           0s] Csc Library/Bee/artifacts/1900b0aE.dag/Unity.Multiplayer.Center.Common.dll (+2 others) [CacheMiss e926aa8f46c94524a266edfcbdb8ca2c00000000000000000000000000000006]
[213/238    0s] Csc Library/Bee/artifacts/1900b0aE.dag/Unity.InternalAPIEngineBridge.004.dll (+2 others)
[214/238    0s] Csc Library/Bee/artifacts/1900b0aE.dag/Unity.Multiplayer.Center.Common.dll (+2 others)
[           0s] Csc Library/Bee/artifacts/1900b0aE.dag/Unity.InternalAPIEngineBridge.004.dll (+2 others) [CacheWrite 70b244448609a282b18581561d937d9d00000000000000000000000000000006]
[           0s] Csc Library/Bee/artifacts/1900b0aE.dag/Unity.Multiplayer.Center.Common.dll (+2 others) [CacheWrite e926aa8f46c94524a266edfcbdb8ca2c00000000000000000000000000000006]
[215/238    0s] CopyFiles Library/ScriptAssemblies/Unity.InternalAPIEngineBridge.004.dll
[216/238    0s] CopyFiles Library/ScriptAssemblies/Unity.InternalAPIEngineBridge.004.pdb
[218/238    0s] CopyFiles Library/ScriptAssemblies/Unity.Multiplayer.Center.Common.dll
[219/238    0s] CopyFiles Library/ScriptAssemblies/Unity.Multiplayer.Center.Common.pdb
[220/238    0s] MovedFromExtractor-Combine Library/Bee/artifacts/1900b0aE.dag/Unity.Multiplayer.Center.Editor.dll.mvfrm
[221/238    0s] MovedFromExtractor Library/Bee/artifacts/mvdfrm/Unity.InternalAPIEngineBridge.004.ref.dll_9F91F1CFF2D20E26.mvfrm
[           0s] Csc Library/Bee/artifacts/1900b0aE.dag/Unity.Multiplayer.Center.Editor.dll (+2 others) [CacheMiss deae49aa5692746499fcf40af51980e000000000000000000000000000000006]
[222/238    0s] MovedFromExtractor-Combine Library/Bee/artifacts/1900b0aE.dag/Unity.TextMeshPro.dll.mvfrm
[           0s] Csc Library/Bee/artifacts/1900b0aE.dag/Unity.TextMeshPro.dll (+2 others) [CacheMiss 5ccceac16a99d5ff7ee6e8e96863277800000000000000000000000000000006]
[223/238    0s] Csc Library/Bee/artifacts/1900b0aE.dag/Unity.Multiplayer.Center.Editor.dll (+2 others)
[           0s] Csc Library/Bee/artifacts/1900b0aE.dag/Unity.Multiplayer.Center.Editor.dll (+2 others) [CacheWrite deae49aa5692746499fcf40af51980e000000000000000000000000000000006]
[224/238    0s] CopyFiles Library/ScriptAssemblies/Unity.Multiplayer.Center.Editor.pdb
[225/238    0s] CopyFiles Library/ScriptAssemblies/Unity.Multiplayer.Center.Editor.dll
[226/238    0s] Csc Library/Bee/artifacts/1900b0aE.dag/Unity.TextMeshPro.dll (+2 others)
[           0s] Csc Library/Bee/artifacts/1900b0aE.dag/Unity.TextMeshPro.dll (+2 others) [CacheWrite 5ccceac16a99d5ff7ee6e8e96863277800000000000000000000000000000006]
[227/238    0s] CopyFiles Library/ScriptAssemblies/Unity.TextMeshPro.pdb
[228/238    0s] CopyFiles Library/ScriptAssemblies/Unity.TextMeshPro.dll
[229/238    0s] MovedFromExtractor Library/Bee/artifacts/mvdfrm/Unity.TextMeshPro.ref.dll_84A4293DBDD182DB.mvfrm
[230/238    0s] MovedFromExtractor-Combine Library/Bee/artifacts/1900b0aE.dag/Unity.TextMeshPro.Editor.dll.mvfrm
[231/238    0s] MovedFromExtractor-Combine Library/Bee/artifacts/1900b0aE.dag/UnityEditor.UI.Analytics.dll.mvfrm
[           0s] Csc Library/Bee/artifacts/1900b0aE.dag/UnityEditor.UI.Analytics.dll (+2 others) [CacheMiss 973632c199b1ab6dda8f3d7fc751fb5300000000000000000000000000000006]
[           0s] Csc Library/Bee/artifacts/1900b0aE.dag/Unity.TextMeshPro.Editor.dll (+2 others) [CacheMiss 20348a241c93c492934af150be405f5700000000000000000000000000000006]
[232/238    0s] Csc Library/Bee/artifacts/1900b0aE.dag/UnityEditor.UI.Analytics.dll (+2 others)
[           0s] Csc Library/Bee/artifacts/1900b0aE.dag/UnityEditor.UI.Analytics.dll (+2 others) [CacheWrite 973632c199b1ab6dda8f3d7fc751fb5300000000000000000000000000000006]
[233/238    0s] CopyFiles Library/ScriptAssemblies/UnityEditor.UI.Analytics.dll
[234/238    0s] CopyFiles Library/ScriptAssemblies/UnityEditor.UI.Analytics.pdb
[235/238    0s] Csc Library/Bee/artifacts/1900b0aE.dag/Unity.TextMeshPro.Editor.dll (+2 others)
[           0s] Csc Library/Bee/artifacts/1900b0aE.dag/Unity.TextMeshPro.Editor.dll (+2 others) [CacheWrite 20348a241c93c492934af150be405f5700000000000000000000000000000006]
[236/238    0s] CopyFiles Library/ScriptAssemblies/Unity.TextMeshPro.Editor.dll
[237/238    0s] CopyFiles Library/ScriptAssemblies/Unity.TextMeshPro.Editor.pdb
*** Tundra build success (3.37 seconds), 64 items updated, 238 evaluated
Total cache size 2495820
Total cache size after purge 2495820, took 00:00:00.0086487
Reloading assemblies after forced synchronous recompile.
Attempted to call .Dispose on an already disposed CancellationTokenSource
Begin MonoManager ReloadAssembly
Importing 'GUID: 73937416114014884062472825024523 - Path: Packages/com.unity.ugui' with importer (DefaultImporter)
Imported 'GUID: 73937416114014884062472825024523' -> (Import Result ID: '1b0d575bdb92f9891bc5e619a13afe08') in 0.009 seconds [static dependencies only]. Details - ImportResultOutputID=3cbcaa97a63bbee70b9453d8f5f35ddd DependenciesID=62f0e7cbe688de708cc6336bd9194d1c StaticDependenciesID=b4f64fdbc420828cfbf6ad8499f53648 
Importing 'GUID: d1a0a27327b54c3bac52a08929c33f81 - Path: Packages/com.unity.ugui/Editor Resources' with importer (DefaultImporter)
Imported 'GUID: d1a0a27327b54c3bac52a08929c33f81' -> (Import Result ID: 'b0ae62d89f88da6d8388ba36b0351267') in 0.001 seconds [static dependencies only]. Details - ImportResultOutputID=695664e202fc795a75462811fbd33121 DependenciesID=b158e3b5b1780e271b2c70ec7efcaca5 StaticDependenciesID=de17b35f613800baadbe9da848b9e86e 
Importing 'GUID: d850db319a63d2546932ff76fe55a498 - Path: Packages/com.unity.ugui/Tests' with importer (DefaultImporter)
Imported 'GUID: d850db319a63d2546932ff76fe55a498' -> (Import Result ID: 'd739b29e7438f3ce9a6cfd4477ce3bda') in 0.000 seconds [static dependencies only]. Details - ImportResultOutputID=abceecebbc57ab2f2a42971575985de8 DependenciesID=b2e9c637e98db3e9d00a74022590c5d5 StaticDependenciesID=535c20ac0da5ae5371ce3c6f3a144e71 
Importing 'GUID: aa14b70e6a58c5b4fa6663623e3dca91 - Path: Packages/com.unity.ugui/Runtime' with importer (DefaultImporter)
Imported 'GUID: aa14b70e6a58c5b4fa6663623e3dca91' -> (Import Result ID: 'fbb136941a8265c2d7be49759119403a') in 0.000 seconds [static dependencies only]. Details - ImportResultOutputID=edf2cf7cc75f9be7b59d1670d0b363e4 DependenciesID=85a5d783623b4b69b6224a4788a3d50d StaticDependenciesID=5b80c5cfbc783f223cd4e8c8bc7cbeba 
Importing 'GUID: 5ec95f4d5b2d1f14e9ff8682562553f9 - Path: Packages/com.unity.ugui/Package Resources' with importer (DefaultImporter)
Imported 'GUID: 5ec95f4d5b2d1f14e9ff8682562553f9' -> (Import Result ID: 'e3f8f8e4df6a400108db67752ad47e18') in 0.001 seconds [static dependencies only]. Details - ImportResultOutputID=37d5f8fa3807d672ce79f5e231dfd943 DependenciesID=d75ccae7a1874de41d158877f1e171f0 StaticDependenciesID=088a7481d10525a545d63a7d5b833490 
Importing 'GUID: bee384ad5b4d1a843a018082e7db53cd - Path: Packages/com.unity.ugui/Editor' with importer (DefaultImporter)
Imported 'GUID: bee384ad5b4d1a843a018082e7db53cd' -> (Import Result ID: '591a297eb1ff0964f23a7357fe3e6221') in 0.000 seconds [static dependencies only]. Details - ImportResultOutputID=42520d36d104454aa16867d8198eb466 DependenciesID=8af97f74b75a5e4be569dfca291cfb96 StaticDependenciesID=d8707da7ac327daf4d3fdc0094ee720e 
Importing 'GUID: 10d1425d9e87841d9a9deafe9e93a6f2 - Path: Packages/com.unity.ugui/Editor/TMP' with importer (DefaultImporter)
Imported 'GUID: 10d1425d9e87841d9a9deafe9e93a6f2' -> (Import Result ID: '0e8173254c0794e13cb79d7f9220804f') in 0.001 seconds [static dependencies only]. Details - ImportResultOutputID=fcd24172dfd83eb509fc77e803a18eea DependenciesID=5d442ce514234319db8b413e135e2281 StaticDependenciesID=06e7d42493f02333e44043d686bf64f8 
Importing 'GUID: 619aadd8f276341ca84d7ad5a9c6db21 - Path: Packages/com.unity.ugui/Runtime/TMP' with importer (DefaultImporter)
Imported 'GUID: 619aadd8f276341ca84d7ad5a9c6db21' -> (Import Result ID: 'b414debb2b060375cb4e6b022f6ed4ae') in 0.000 seconds [static dependencies only]. Details - ImportResultOutputID=8ba3c278c33727d9fc8cf73ab4ee1324 DependenciesID=1ab8958fffce2c28a26d5b7aae0ed77e StaticDependenciesID=8b32378d2c6dcc4b054ad9e3d003fd93 
Importing 'GUID: 936bea4b2545c4a4fad2e623b0f6371f - Path: Packages/com.unity.ugui/Tests/Editor' with importer (DefaultImporter)
Imported 'GUID: 936bea4b2545c4a4fad2e623b0f6371f' -> (Import Result ID: '68ee8be507c84ed11d89196dbf5c44ec') in 0.000 seconds [static dependencies only]. Details - ImportResultOutputID=6e7dd9e2a1aa209ff560d6a592335c7c DependenciesID=7c00c11b25316e711d3e0432f0605362 StaticDependenciesID=efb9ec42afe716ac0b0237941dcf12c2 
Importing 'GUID: c545241cf2e56ec4997d7677f01ef43d - Path: Packages/com.unity.ugui/Tests/Runtime' with importer (DefaultImporter)
Imported 'GUID: c545241cf2e56ec4997d7677f01ef43d' -> (Import Result ID: 'e28146b9cba52b16f8a5199838c75079') in 0.000 seconds [static dependencies only]. Details - ImportResultOutputID=23714be275632e43abe8c1d7b3185e3f DependenciesID=c05ffc929a4e968dfcd67f9d755703de StaticDependenciesID=4d8f08d4879a00414407b405a178486f 
Importing 'GUID: c52726d811a9f66459355df6b0c3977b - Path: Packages/com.unity.ugui/Editor/Analytics' with importer (DefaultImporter)
Imported 'GUID: c52726d811a9f66459355df6b0c3977b' -> (Import Result ID: '0bc2875df41b78c9662dde862f87f619') in 0.000 seconds [static dependencies only]. Details - ImportResultOutputID=a4fcbdcd7e8b14801fa5403679319dc4 DependenciesID=62f819774af0ba0b367afe602f9f64d6 StaticDependenciesID=535ffded4062bc8800f840bb789c8ee6 
Importing 'GUID: 278b6073a5bdd4362acd72ca43ff9e0d - Path: Packages/com.unity.ugui/Editor/UGUI' with importer (DefaultImporter)
Imported 'GUID: 278b6073a5bdd4362acd72ca43ff9e0d' -> (Import Result ID: '5306a9de8c3fedc14d6a1406d660d1b5') in 0.001 seconds [static dependencies only]. Details - ImportResultOutputID=32981cfd7c53e5ac7cdf5f6f6552ea5d DependenciesID=9528df9ecdf12f4378bcbb1fbd7dd05f StaticDependenciesID=1f5f1b31ef27955646fe29085de9818c 
Importing 'GUID: 1817d28a5343b4ec19b4ec7903730e2c - Path: Packages/com.unity.ugui/Runtime/UGUI' with importer (DefaultImporter)
Imported 'GUID: 1817d28a5343b4ec19b4ec7903730e2c' -> (Import Result ID: 'd4d67976387058535693ff9b83d9a6a6') in 0.000 seconds [static dependencies only]. Details - ImportResultOutputID=b06f593c5ff66d4aa68f7839745ff577 DependenciesID=7765bcf552e4d767c50129935629b426 StaticDependenciesID=825226c8719fb20da17de56b1861525f 
Importing 'GUID: f8e6a2d47aba4c6c9b3c5a72d9f48da5 - Path: Packages/com.unity.ugui/Editor Resources/Textures' with importer (DefaultImporter)
Imported 'GUID: f8e6a2d47aba4c6c9b3c5a72d9f48da5' -> (Import Result ID: '054afea714a281dcc953b7b56804e116') in 0.001 seconds [static dependencies only]. Details - ImportResultOutputID=8cf7045d5f9dd1aae7326268b1ec842f DependenciesID=588a5d2613647595dc974b26441ddfa5 StaticDependenciesID=9ec7b7db6e5654e976462e359d9f0102 
Importing 'GUID: e93ec7eb6de342aabd156833e253f838 - Path: Packages/com.unity.ugui/Editor Resources/Gizmos' with importer (DefaultImporter)
Imported 'GUID: e93ec7eb6de342aabd156833e253f838' -> (Import Result ID: 'd03c6bbb3e9d04ea112df2fee7d6628c') in 0.001 seconds [static dependencies only]. Details - ImportResultOutputID=743817b4d4f54461c188b303660a9ff3 DependenciesID=74ebff5dae394a8d0d0dacc484e75cef StaticDependenciesID=60d1f7f7201cd57a893737710846ca09 
Importing 'GUID: bab3a29ab4f214742a44add41efffb7d - Path: Packages/com.unity.ugui/Runtime/InternalBridge' with importer (DefaultImporter)
Imported 'GUID: bab3a29ab4f214742a44add41efffb7d' -> (Import Result ID: 'fdfe58abc04d8f204c7b4a5ebd5de37a') in 0.001 seconds [static dependencies only]. Details - ImportResultOutputID=86a5c7933efe546e3f374d55a299b47f DependenciesID=26f2d87a957fbaeae13d7e4c981e948c StaticDependenciesID=aacb2fb34af88cf917a3aaf967ad164d 
Importing 'GUID: 2da27f5fe80a3a549ac7331d9f52f5f0 - Path: Packages/com.unity.ugui/Editor Resources/Shaders' with importer (DefaultImporter)
Imported 'GUID: 2da27f5fe80a3a549ac7331d9f52f5f0' -> (Import Result ID: 'd529e5f3e9260fa6c7a25523694a2026') in 0.001 seconds [static dependencies only]. Details - ImportResultOutputID=c5ee6abea7cc760dbb172bf171dd2a5a DependenciesID=58d1635bfdb62dc5d2492c1bf9ead36f StaticDependenciesID=4dd097b81d7dafafd9e991b5bf14a3b9 
Importing 'GUID: 914613548ded44a43a59eb9852503f18 - Path: Packages/com.unity.ugui/Tests/Runtime/TMP' with importer (DefaultImporter)
Imported 'GUID: 914613548ded44a43a59eb9852503f18' -> (Import Result ID: 'ba1802cc80e0476d41869cc77bb0fed7') in 0.000 seconds [static dependencies only]. Details - ImportResultOutputID=b500f95098bd8afbc140ba73b7eb0a49 DependenciesID=276efcb32a2ebc6712e3bfa6ada052c7 StaticDependenciesID=8506af402eef6f5c7b76b4600f22fcb9 
Importing 'GUID: 32e2186f4598cff489784aae586f2215 - Path: Packages/com.unity.ugui/Runtime/UGUI/Properties' with importer (DefaultImporter)
Imported 'GUID: 32e2186f4598cff489784aae586f2215' -> (Import Result ID: '52934f7ca26001be8d711f541a8f9254') in 0.001 seconds [static dependencies only]. Details - ImportResultOutputID=a60620db748042d095a7e923ff9e81ec DependenciesID=e711878be0f9d03ddacf7012d46c5f8d StaticDependenciesID=4bba1df84027fd5279e7b2482ef6c5b8 
Importing 'GUID: 53caebc5909234b4ebe1fcaf3dc913a5 - Path: Packages/com.unity.ugui/Tests/Runtime/UGUI' with importer (DefaultImporter)
Imported 'GUID: 53caebc5909234b4ebe1fcaf3dc913a5' -> (Import Result ID: 'cd56a9c786b5cfa84c4fa11c2cb5f52e') in 0.000 seconds [static dependencies only]. Details - ImportResultOutputID=95ad371b8cdb9a294da03dc87e76abaf DependenciesID=5219d2877d3e19ba748467025dc67766 StaticDependenciesID=de6b267ea931fd7a2f55ab494bf85983 
Importing 'GUID: 742654cad2425334696ba6ed4495cfef - Path: Packages/com.unity.ugui/Runtime/UGUI/UI' with importer (DefaultImporter)
Imported 'GUID: 742654cad2425334696ba6ed4495cfef' -> (Import Result ID: 'b1f907699d65e351108024d8ab3306c3') in 0.000 seconds [static dependencies only]. Details - ImportResultOutputID=8f485f614be7a5de5c0d226177544e64 DependenciesID=dec74d5cc14aa287b15da746c2725d58 StaticDependenciesID=1ee9ed290800601f494bd7daa210f6a3 
Importing 'GUID: 853edc343b78a7c4c81cbb3851d48c0a - Path: Packages/com.unity.ugui/Editor/UGUI/UI' with importer (DefaultImporter)
Imported 'GUID: 853edc343b78a7c4c81cbb3851d48c0a' -> (Import Result ID: 'c1785bf5d1d7d3d8f0b703d635d04a9d') in 0.000 seconds [static dependencies only]. Details - ImportResultOutputID=817852a677c79b120ebfea9b2a6e2b87 DependenciesID=6bc0f34e7f27b206d89477fd9e8c8097 StaticDependenciesID=45c9348384ce382dc1b92206a9472cb9 
Importing 'GUID: f525580684527b147b70cf94aaa70dbc - Path: Packages/com.unity.ugui/Editor/UGUI/EventSystem' with importer (DefaultImporter)
Imported 'GUID: f525580684527b147b70cf94aaa70dbc' -> (Import Result ID: '4d9974c63ad1949666d3415f64e126c6') in 0.001 seconds [static dependencies only]. Details - ImportResultOutputID=edff13cc3063d13a3ad3adc5db6eeaf3 DependenciesID=e3d9833d600aca483d1d11b186224b2b StaticDependenciesID=5cb461e217097c517458ed76909b5598 
Importing 'GUID: 77417b0f4cf6d334f916c64448d24133 - Path: Packages/com.unity.ugui/Editor/Analytics/IAnalytic' with importer (DefaultImporter)
Imported 'GUID: 77417b0f4cf6d334f916c64448d24133' -> (Import Result ID: '0f153130fdd0ab261ff4a601a6212232') in 0.001 seconds [static dependencies only]. Details - ImportResultOutputID=ece3f7a2bcd50b0789c1d53c4fb48926 DependenciesID=01bf9327f4c7a95cb5bc866083f5b9e8 StaticDependenciesID=5b451ec40beb90616947168c98c54485 
Importing 'GUID: ea7c31b5b377c314db28ad3fabbbd38d - Path: Packages/com.unity.ugui/Editor/TMP/PropertyDrawers' with importer (DefaultImporter)
Imported 'GUID: ea7c31b5b377c314db28ad3fabbbd38d' -> (Import Result ID: '90d32960314150c09756899606817ad2') in 0.001 seconds [static dependencies only]. Details - ImportResultOutputID=95a87702fc86b39cbacf451c7f177369 DependenciesID=553abe810ae77e49c3b6267549821af7 StaticDependenciesID=0ae54d848e00c5b63420068291909088 
Importing 'GUID: fae3ac1997e164d1eba5fa5c417cbefd - Path: Packages/com.unity.ugui/Tests/Editor/UGUI' with importer (DefaultImporter)
Imported 'GUID: fae3ac1997e164d1eba5fa5c417cbefd' -> (Import Result ID: '7ca14117c799a3443c815b40a0cff3e2') in 0.000 seconds [static dependencies only]. Details - ImportResultOutputID=f15c9f61e52059636fa1bfea359a8585 DependenciesID=7f54018304ce5cf9716bfcf6f1eb71dd StaticDependenciesID=a2833e9cbd855df16c74cddce7b7e892 
Importing 'GUID: 3ddaad49a7bcb4087b403f2225d54840 - Path: Packages/com.unity.ugui/Tests/Editor/TMP' with importer (DefaultImporter)
Imported 'GUID: 3ddaad49a7bcb4087b403f2225d54840' -> (Import Result ID: 'ca963de5fa05cf2e9b8a6354fca2aaa8') in 0.000 seconds [static dependencies only]. Details - ImportResultOutputID=e22ab0a25656273b62edba6142a39ddb DependenciesID=405c8e26a4b99c031347a249bd12700d StaticDependenciesID=e66e45302b370d03180f6bd1ad87de9a 
Importing 'GUID: cd9c8fc1c8d64d54ab1e22aae9678d84 - Path: Packages/com.unity.ugui/Tests/Editor/Common' with importer (DefaultImporter)
Imported 'GUID: cd9c8fc1c8d64d54ab1e22aae9678d84' -> (Import Result ID: '74eb976079e78171a9ed4c7d6a530a78') in 0.000 seconds [static dependencies only]. Details - ImportResultOutputID=ee82f341fd2cc14f6f5c118dd6183bd9 DependenciesID=b84dbe512f75f0d0bfa0abf62cfb9520 StaticDependenciesID=d00f7a8ba8856d0277a743b30f6c7589 
Importing 'GUID: eecc124dc0b994047aac97ccf8c8ed0a - Path: Packages/com.unity.ugui/Editor/TMP/HDRP' with importer (DefaultImporter)
Imported 'GUID: eecc124dc0b994047aac97ccf8c8ed0a' -> (Import Result ID: '85690843dd99913afa340db16ff46914') in 0.001 seconds [static dependencies only]. Details - ImportResultOutputID=1fe5e75746ef34eb01ea21b850a03ce1 DependenciesID=d9019ed8623abd6a33c7e0d7d65a297e StaticDependenciesID=b251a444f926162d2ca4e6f6dc89dfbf 
Importing 'GUID: 7f27709c942d91541be1fd6aa5cb3d78 - Path: Packages/com.unity.ugui/Runtime/UGUI/EventSystem' with importer (DefaultImporter)
Imported 'GUID: 7f27709c942d91541be1fd6aa5cb3d78' -> (Import Result ID: '905dff21d2cb6e3dc650fc7957c0d3b2') in 0.000 seconds [static dependencies only]. Details - ImportResultOutputID=43bd66607a2454aa18f8b68ac3e488a7 DependenciesID=fedd6e85f43c17500a507471e48a3f6d StaticDependenciesID=f8635d9883ecbcd7b0b451b80606ef49 
Importing 'GUID: cf97e54bcd5479a46bdbade48da047cc - Path: Packages/com.unity.ugui/Editor/UGUI/Properties' with importer (DefaultImporter)
Imported 'GUID: cf97e54bcd5479a46bdbade48da047cc' -> (Import Result ID: 'fdcee9bbf6cd5830753ecdf3b5424d31') in 0.000 seconds [static dependencies only]. Details - ImportResultOutputID=4d90aedc7e855070ad84cb498caa8788 DependenciesID=9afb9ff4eae67c10da610d7a07541579 StaticDependenciesID=d1fd7b374fb9ad0aaa120222b8267e17 
Importing 'GUID: 1091bc2ad06e3234aac2b2fa2841c09d - Path: Packages/com.unity.ugui/Tests/Runtime/UGUI/Image' with importer (DefaultImporter)
Imported 'GUID: 1091bc2ad06e3234aac2b2fa2841c09d' -> (Import Result ID: '7e36de576c284fea2ba5b5a3ee8e2ace') in 0.001 seconds [static dependencies only]. Details - ImportResultOutputID=ab87c4a4643da9977eacf38a9ec170a3 DependenciesID=9a4b310e5f9b05b5066a51d500d002d7 StaticDependenciesID=03829788650253d2600ab5c168cc2d85 
Importing 'GUID: 305ca32be1aa5504aa182f583895dfe4 - Path: Packages/com.unity.ugui/Tests/Editor/UGUI/RectMask2D' with importer (DefaultImporter)
Imported 'GUID: 305ca32be1aa5504aa182f583895dfe4' -> (Import Result ID: 'd002324ff64ea1363f0f59f3f231a8f3') in 0.001 seconds [static dependencies only]. Details - ImportResultOutputID=178aea4244a57395a1fc2ea9c0b74bc4 DependenciesID=51e32af918f7a82e0e6e2399748af1dd StaticDependenciesID=a93898e59d64c4b5024edf9598b10ee4 
Importing 'GUID: c16c54fe03afb5740bcc0a2a295cb79d - Path: Packages/com.unity.ugui/Tests/Editor/UGUI/InputField' with importer (DefaultImporter)
Imported 'GUID: c16c54fe03afb5740bcc0a2a295cb79d' -> (Import Result ID: '5c1b1899c4a8971a8fdf82bba25170a0') in 0.001 seconds [static dependencies only]. Details - ImportResultOutputID=8074335b50bd51817a71966b5917dc8c DependenciesID=82c67f8cd0639cd8af2a52c860d149eb StaticDependenciesID=de4bf1223276d33e9a13949cc8b67a37 
Importing 'GUID: 12c42068351bb084abde965d725b9887 - Path: Packages/com.unity.ugui/Runtime/UGUI/UI/Core' with importer (DefaultImporter)
Imported 'GUID: 12c42068351bb084abde965d725b9887' -> (Import Result ID: '0c79c046eee4b180e53c0a23b17d633e') in 0.001 seconds [static dependencies only]. Details - ImportResultOutputID=317bf4c76346e7a88f5e1b45cd3b91f9 DependenciesID=eb9974728b36f75b8318c08f110adc40 StaticDependenciesID=840e98c90b5a23d7119b70b3b26a38ac 
Importing 'GUID: e210c8bf2e9c6514d90a1bd77586af1f - Path: Packages/com.unity.ugui/Tests/Runtime/UGUI/Toggle' with importer (DefaultImporter)
Imported 'GUID: e210c8bf2e9c6514d90a1bd77586af1f' -> (Import Result ID: 'b8f8e9298fe893dcd336effaefc23dfd') in 0.001 seconds [static dependencies only]. Details - ImportResultOutputID=9448b0e9da76256a2e2f124cd7e1a042 DependenciesID=30061b4d99812e46c831fdd48d4284d9 StaticDependenciesID=2a2cc5be68b7b7cb61001f21d08fb1de 
Importing 'GUID: 239dd6edc8e5cd14585c03e09e86a747 - Path: Packages/com.unity.ugui/Tests/Runtime/UGUI/Button' with importer (DefaultImporter)
Imported 'GUID: 239dd6edc8e5cd14585c03e09e86a747' -> (Import Result ID: '3c5378b5728948748493276904eac473') in 0.001 seconds [static dependencies only]. Details - ImportResultOutputID=2fbb41bc5748889d5aef3498cb1ad9a7 DependenciesID=5bfa95813bd7a676143d6b191241fd19 StaticDependenciesID=dbca46d5032f819fb1a9d0255e48620a 
Importing 'GUID: 43b1467da3d29ae4597a733828cdd84a - Path: Packages/com.unity.ugui/Tests/Runtime/UGUI/ScrollBar' with importer (DefaultImporter)
Imported 'GUID: 43b1467da3d29ae4597a733828cdd84a' -> (Import Result ID: '658a2139584a4904593de9cd66ae69d6') in 0.001 seconds [static dependencies only]. Details - ImportResultOutputID=3580236fa0b2481d906e782a804543f1 DependenciesID=8ca35ec62661ae86b0a0e808a124eb28 StaticDependenciesID=b8dd23dd9c0833d3c9c178503747233d 
Importing 'GUID: 8313ea704470a264295ec9e09aec6ebc - Path: Packages/com.unity.ugui/Tests/Runtime/UGUI/Graphic' with importer (DefaultImporter)
Imported 'GUID: 8313ea704470a264295ec9e09aec6ebc' -> (Import Result ID: 'ff2276255baaeb5f595e7e55b55f23f5') in 0.001 seconds [static dependencies only]. Details - ImportResultOutputID=1d33c468ea3c9340793582932e6840f7 DependenciesID=3315c461ebb0e23435657247bbb90065 StaticDependenciesID=b479cf3c8eecefef5099103809a73e69 
Importing 'GUID: b3cdabf2f1e76854d8aab5930305d70d - Path: Packages/com.unity.ugui/Runtime/UGUI/EventSystem/EventData' with importer (DefaultImporter)
Imported 'GUID: b3cdabf2f1e76854d8aab5930305d70d' -> (Import Result ID: '36a7cff522deb660edacd52cf898712f') in 0.001 seconds [static dependencies only]. Details - ImportResultOutputID=c9d722ac87bb07ad64c80480bc0c3487 DependenciesID=406bec392633e2b61cc6df430f8b5881 StaticDependenciesID=c20de736207512676940208e52e53fb6 
Importing 'GUID: 5472815444de2ce45bf2053a4af04b9d - Path: Packages/com.unity.ugui/Runtime/UGUI/UI/Animation' with importer (DefaultImporter)
Imported 'GUID: 5472815444de2ce45bf2053a4af04b9d' -> (Import Result ID: '31ea5907930f27113654fc94fd204f79') in 0.001 seconds [static dependencies only]. Details - ImportResultOutputID=02387668f373194356ec29799a11d5d0 DependenciesID=392c2e01ac7882d312145fc14f87422f StaticDependenciesID=81ed34c6259c55bf892252aed3b475f8 
Importing 'GUID: 850af9f3bf6d14143baf2ecfbf25db52 - Path: Packages/com.unity.ugui/Tests/Runtime/UGUI/Slider' with importer (DefaultImporter)
Imported 'GUID: 850af9f3bf6d14143baf2ecfbf25db52' -> (Import Result ID: 'fd4b53994539c4749a0ff6c9d39a0bc5') in 0.001 seconds [static dependencies only]. Details - ImportResultOutputID=417451072301af04851224ed30accd20 DependenciesID=b1606749a1ec3323136f06126153cf7e StaticDependenciesID=16ad619d485587c9b5af1df6aad72780 
Importing 'GUID: 46646a5562f14984690c85ee7b946bc9 - Path: Packages/com.unity.ugui/Runtime/UGUI/EventSystem/Raycasters' with importer (DefaultImporter)
Imported 'GUID: 46646a5562f14984690c85ee7b946bc9' -> (Import Result ID: '1071a609f642ac9db30620b15777b640') in 0.001 seconds [static dependencies only]. Details - ImportResultOutputID=db9398800965861d01f2bd43cf496132 DependenciesID=5d1b976dadd944d1daa6a5ab8ff4f6d6 StaticDependenciesID=ff3907e86208b223f2a97808db1352ab 
Importing 'GUID: a69b08936f9f74179ae333a4bebe7c54 - Path: Packages/com.unity.ugui/Tests/Runtime/UGUI/CanvasRenderer' with importer (DefaultImporter)
Imported 'GUID: a69b08936f9f74179ae333a4bebe7c54' -> (Import Result ID: 'e8331725c7fe540203db0d608fb1935c') in 0.001 seconds [static dependencies only]. Details - ImportResultOutputID=efdc4229cbf0a99a099ceae7028c9b0e DependenciesID=1945b57106ebcdb4e3257db917ddc19d StaticDependenciesID=6dfdd9185f170ab3406e6c341c6bed5f 
Importing 'GUID: e7689eda3a8b1a847a8b197dbe90d9a6 - Path: Packages/com.unity.ugui/Tests/Editor/UGUI/UI' with importer (DefaultImporter)
Imported 'GUID: e7689eda3a8b1a847a8b197dbe90d9a6' -> (Import Result ID: '51fd41d9b75fdb357d8bb3cd5e28317a') in 0.000 seconds [static dependencies only]. Details - ImportResultOutputID=0619e96954c1117a1ee94a507e80202d DependenciesID=097be61c2e59632bb3fa64b620ce7526 StaticDependenciesID=ae61aca124b3fb65fdb5645bd6c8d7c2 
Importing 'GUID: 98d14ab1acf42df4f88a0561822ac807 - Path: Packages/com.unity.ugui/Tests/Editor/UGUI/EventSystem' with importer (DefaultImporter)
Imported 'GUID: 98d14ab1acf42df4f88a0561822ac807' -> (Import Result ID: 'fb643ad3228bc58c8f92ee69314bdea3') in 0.000 seconds [static dependencies only]. Details - ImportResultOutputID=6603dd8da4d7905c6bd3055da0051439 DependenciesID=64d9ad6430a122f10027b204d622afd9 StaticDependenciesID=e3a93ea832ac328a667ca1eef0e83001 
Importing 'GUID: b86b117346968ac4d9cc63e4385becb7 - Path: Packages/com.unity.ugui/Tests/Editor/UGUI/Canvas' with importer (DefaultImporter)
Imported 'GUID: b86b117346968ac4d9cc63e4385becb7' -> (Import Result ID: '1dce7a5c2e28c7ee8f4c84593e4b7c32') in 0.001 seconds [static dependencies only]. Details - ImportResultOutputID=8e476afd0593550eb88e8c6624d87515 DependenciesID=d3c991e7ab56eb19a5c909f3c982a9b5 StaticDependenciesID=236e146ff9ee3ec34a2bf4158ddfc3a5 
Importing 'GUID: e90cc37a5ccf4a44dbecc5b7172ec512 - Path: Packages/com.unity.ugui/Tests/Editor/UGUI/UnityEvent' with importer (DefaultImporter)
Imported 'GUID: e90cc37a5ccf4a44dbecc5b7172ec512' -> (Import Result ID: '331d0c6ea52fe295742e00af5015d2f3') in 0.001 seconds [static dependencies only]. Details - ImportResultOutputID=a0bc94d63c9e6f6a4b020ee487fe309b DependenciesID=7cf83d920e1d5c4de26ac27b299e6529 StaticDependenciesID=4cbb7055fa019b33346bea4b158f57a2 
Importing 'GUID: 2a28c2fab6b1bb745a844ef6b908e7ee - Path: Packages/com.unity.ugui/Tests/Runtime/UGUI/InputField' with importer (DefaultImporter)
Imported 'GUID: 2a28c2fab6b1bb745a844ef6b908e7ee' -> (Import Result ID: '8ad3911501b37bb9e08d79d4e8737931') in 0.000 seconds [static dependencies only]. Details - ImportResultOutputID=e58836774379c95673eb78fae8afcfc0 DependenciesID=2d0cf1f9ab0bb90cefaa939558cac3b1 StaticDependenciesID=5edbd16c4baa0972b9014db37360105d 
Importing 'GUID: 9a3557da07c729b4eb774b8e30e157a4 - Path: Packages/com.unity.ugui/Tests/Runtime/UGUI/Canvas' with importer (DefaultImporter)
Imported 'GUID: 9a3557da07c729b4eb774b8e30e157a4' -> (Import Result ID: '186bad7cc908f14e7a873628a07b2485') in 0.000 seconds [static dependencies only]. Details - ImportResultOutputID=7d088037bf937e0424a9d6b638c327bc DependenciesID=c8969e9de66c45a058152ea880f34008 StaticDependenciesID=80744e148d8aebfdf852ca9a590dc045 
Importing 'GUID: bae197be297529d4fa735fbe7c91828d - Path: Packages/com.unity.ugui/Tests/Runtime/UGUI/Dropdown' with importer (DefaultImporter)
Imported 'GUID: bae197be297529d4fa735fbe7c91828d' -> (Import Result ID: '23c112dded6735f6497701199ceaa548') in 0.001 seconds [static dependencies only]. Details - ImportResultOutputID=6965364a0d1585b32a69589405f69568 DependenciesID=2d90b6308cafbab36fb76a67c813b294 StaticDependenciesID=7013eff6489fd14b22773c9a3c22dee1 
Importing 'GUID: 2bc8a181dfd9de24388de89bb8db7713 - Path: Packages/com.unity.ugui/Tests/Runtime/UGUI/MaskClipping' with importer (DefaultImporter)
Imported 'GUID: 2bc8a181dfd9de24388de89bb8db7713' -> (Import Result ID: '31d436e0edbdeee123375a1fd6a17fc6') in 0.001 seconds [static dependencies only]. Details - ImportResultOutputID=cf24f9eca233f2ba4f2d58fafaa1207b DependenciesID=622636e62c405512edcf740283a54b86 StaticDependenciesID=ac791cb4f34f1eaa918acdb00cb66845 
Importing 'GUID: 9bedab6f9886aee42b33e424bffdb640 - Path: Packages/com.unity.ugui/Tests/Runtime/UGUI/ScrollRect' with importer (DefaultImporter)
Imported 'GUID: 9bedab6f9886aee42b33e424bffdb640' -> (Import Result ID: 'e51886ab394d76c76ab34154fe5792e6') in 0.001 seconds [static dependencies only]. Details - ImportResultOutputID=1e1e42b1ee74118f6935739ac2a182ad DependenciesID=b2ddc8249d9ce83561aab57c99e07eae StaticDependenciesID=15641e9ffac66306181099ca497edb94 
Importing 'GUID: ab93e1a81defc3243a6e9cd0df3cb443 - Path: Packages/com.unity.ugui/Tests/Runtime/UGUI/EventSystem' with importer (DefaultImporter)
Imported 'GUID: ab93e1a81defc3243a6e9cd0df3cb443' -> (Import Result ID: 'f000eedccfb8be323d53cb5c0d0ad109') in 0.000 seconds [static dependencies only]. Details - ImportResultOutputID=b30f8b8e5eb481e24f93b908a7a0420f DependenciesID=cb9c1f20ca633131c43c16a8e08eec4a StaticDependenciesID=117fd94efed2c8d311a9e114cecd0f2a 
Importing 'GUID: eb7e44c5cec24463ab95d52834898a3b - Path: Packages/com.unity.ugui/Tests/Runtime/UGUI/RawImage' with importer (DefaultImporter)
Imported 'GUID: eb7e44c5cec24463ab95d52834898a3b' -> (Import Result ID: '850c35a4b44849c7c8281e776594c88c') in 0.001 seconds [static dependencies only]. Details - ImportResultOutputID=5f3dd41893760011c03943e595e0e2b9 DependenciesID=892a1feaff4bc06664305dbb77cfcc2b StaticDependenciesID=508ba7c36be299635a79bc41986f9f46 
Importing 'GUID: 4cfe5ade9a1375e40aed87618b92bd12 - Path: Packages/com.unity.ugui/Tests/Editor/UGUI/Slider' with importer (DefaultImporter)
Imported 'GUID: 4cfe5ade9a1375e40aed87618b92bd12' -> (Import Result ID: '2d2826d88b3957b057491ddef6b78373') in 0.000 seconds [static dependencies only]. Details - ImportResultOutputID=e22ecf5b6dbe3e62a296c4d455bdc050 DependenciesID=f9da84db7c8f32b2a7de76964a8cf657 StaticDependenciesID=f7366a191e5b540199e627df24bf5d86 
Importing 'GUID: bc9aa6d5a7945f34882c442e9e201537 - Path: Packages/com.unity.ugui/Editor/UGUI/UI/PropertyDrawers' with importer (DefaultImporter)
Imported 'GUID: bc9aa6d5a7945f34882c442e9e201537' -> (Import Result ID: '48ab9f9363248cd0d0bc4e760a777dfa') in 0.000 seconds [static dependencies only]. Details - ImportResultOutputID=63c8cf390e7a4e4d540c9298ab92bed8 DependenciesID=525d657ac77abab16680689797da7829 StaticDependenciesID=c8427c7903bd45bf52de34b38b92f32b 
Importing 'GUID: cc313cc004395df4a9884390556690a5 - Path: Packages/com.unity.ugui/Tests/Runtime/UGUI/Layout' with importer (DefaultImporter)
Imported 'GUID: cc313cc004395df4a9884390556690a5' -> (Import Result ID: '22615179deca4e20564f376146615e99') in 0.001 seconds [static dependencies only]. Details - ImportResultOutputID=60415242162df86570f1c45c1cd3de97 DependenciesID=5f68f315ab7cd085eaa037458f3e3e89 StaticDependenciesID=52bdb6af89c10ac5a7e4b54e2d534faa 
Importing 'GUID: cce7e34ecb3cc43ebabe7154ebe11414 - Path: Packages/com.unity.ugui/Tests/Runtime/UGUI/RaycastReceiver' with importer (DefaultImporter)
Imported 'GUID: cce7e34ecb3cc43ebabe7154ebe11414' -> (Import Result ID: 'faf35c10bd1e10017842aef0a36ba11a') in 0.001 seconds [static dependencies only]. Details - ImportResultOutputID=93b7fb6b6bb40adb488bc0f68fc48255 DependenciesID=e855a18271bce82f95cba247a58eb8c4 StaticDependenciesID=6f7169d2e4813f02843102f187879e70 
Importing 'GUID: 2d9b6ff056b6f484ba6500aa8e06bcf3 - Path: Packages/com.unity.ugui/Tests/Runtime/UGUI/LayoutGroup' with importer (DefaultImporter)
Imported 'GUID: 2d9b6ff056b6f484ba6500aa8e06bcf3' -> (Import Result ID: '30b58de1f3e3a620ee9fdcee3fb863ae') in 0.001 seconds [static dependencies only]. Details - ImportResultOutputID=c2f016a97ca6b758214e30a50ac04dd1 DependenciesID=33a3b95cd42249bcfed927e8127d305b StaticDependenciesID=3c4021e21fe6e8531dca2b9154dfefad 
Importing 'GUID: 5dc64c943466a44498be3b620c743b45 - Path: Packages/com.unity.ugui/Runtime/UGUI/EventSystem/UIElements' with importer (DefaultImporter)
Imported 'GUID: 5dc64c943466a44498be3b620c743b45' -> (Import Result ID: 'c82d5500e78e7b8e5054de2c9dfe41f6') in 0.001 seconds [static dependencies only]. Details - ImportResultOutputID=fd828e0499fcd47e19fa0a0b494b1491 DependenciesID=a909f5784e90ee0fd57b70d4cfa82362 StaticDependenciesID=146e6d06819629e3caf971737863bec3 
Importing 'GUID: 8e78f8a8575e4a04f8337a54e241cdc5 - Path: Packages/com.unity.ugui/Runtime/UGUI/EventSystem/InputModules' with importer (DefaultImporter)
Imported 'GUID: 8e78f8a8575e4a04f8337a54e241cdc5' -> (Import Result ID: '84ec6b9845a2904044fff3b69b16767c') in 0.001 seconds [static dependencies only]. Details - ImportResultOutputID=84df937fc484b7ab7b594c4d33eb072c DependenciesID=248803569c9cdf8b095bcd6fb5d83bc7 StaticDependenciesID=c21ca8f127d7bb9b40876c5ca0f9bc43 
Importing 'GUID: ae242449e9279d44789513b922d3178a - Path: Packages/com.unity.ugui/Tests/Editor/UGUI/CanvasRenderer' with importer (DefaultImporter)
Imported 'GUID: ae242449e9279d44789513b922d3178a' -> (Import Result ID: '91c2c2569dd99dbd10b96ea0cf024c4a') in 0.000 seconds [static dependencies only]. Details - ImportResultOutputID=e5bf496d94443ae3ec9c556233743fcb DependenciesID=032ed0598b7360dd7d91bd9ce4f8760a StaticDependenciesID=347db14e13f1e4149af7d7893ce77a76 
Importing 'GUID: 1f71aeacc4a9f1a40b22a1a590331f6b - Path: Packages/com.unity.ugui/Tests/Editor/UGUI/Dropdown' with importer (DefaultImporter)
Imported 'GUID: 1f71aeacc4a9f1a40b22a1a590331f6b' -> (Import Result ID: 'ae9f9d24845932ffda71dbb8868f94f2') in 0.000 seconds [static dependencies only]. Details - ImportResultOutputID=9c7b3a89084fcba7d2db4de1536c8b5e DependenciesID=57f5bd3174d6147772975b8bc88f69ef StaticDependenciesID=f127ef573df39f957a1368ddc528c8a0 
Importing 'GUID: 4f9ac6e545d53f94b9f09c85b9576f36 - Path: Packages/com.unity.ugui/Tests/Editor/UGUI/Text' with importer (DefaultImporter)
Imported 'GUID: 4f9ac6e545d53f94b9f09c85b9576f36' -> (Import Result ID: 'b9eb564471757e906791d3d3535e64a9') in 0.001 seconds [static dependencies only]. Details - ImportResultOutputID=0a6c93c4388846596449e13fb9ee76e4 DependenciesID=72a5087ef9c21d9911e7f22fd3a0f037 StaticDependenciesID=c9ad8a0e3a34ed2e9c012ed8e8d0169f 
Importing 'GUID: af30a361ab68260438b6ec3fb7e64500 - Path: Packages/com.unity.ugui/Tests/Runtime/UGUI/Util' with importer (DefaultImporter)
Imported 'GUID: af30a361ab68260438b6ec3fb7e64500' -> (Import Result ID: '0b4869edc9d07ff2692a268cdb665405') in 0.001 seconds [static dependencies only]. Details - ImportResultOutputID=62ba854b2b9d1dd6ed122b47ebaa7e4a DependenciesID=70a2bca31c0f5c120432b37cf54cb9ef StaticDependenciesID=610ae20be33f740988bc702ad6aa6508 
Importing 'GUID: efad3ddb7270ac241b9b1357ec5ee2f2 - Path: Packages/com.unity.ugui/Tests/Runtime/UGUI/NestedLayout' with importer (DefaultImporter)
Imported 'GUID: efad3ddb7270ac241b9b1357ec5ee2f2' -> (Import Result ID: 'c2d70223b2f2af1bf6677a20c8762015') in 0.001 seconds [static dependencies only]. Details - ImportResultOutputID=6ea828bc1b4844d62080f5a23272f6ef DependenciesID=8ed20738a9202b36e2ade9e8bb23815f StaticDependenciesID=dbeb2467a6631632a7855475300a1aa8 
Importing 'GUID: 24333a116497b144f9782b1160984b57 - Path: Packages/com.unity.ugui/Tests/Editor/UGUI/UI/PropertyDrawers' with importer (DefaultImporter)
Imported 'GUID: 24333a116497b144f9782b1160984b57' -> (Import Result ID: '8647fadb1b812c06b3d994cd53f5f11d') in 0.000 seconds [static dependencies only]. Details - ImportResultOutputID=ecae9bd5d0156d4f227ceb9a1d09b3a1 DependenciesID=652b153a5cda2e2b765c4f541f95bef4 StaticDependenciesID=8333272252e43483606b1941dce8160a 
Importing 'GUID: d63dd1a776d383248a21ec2a8a6e7868 - Path: Packages/com.unity.ugui/Runtime/UGUI/UI/Core/Utility' with importer (DefaultImporter)
Imported 'GUID: d63dd1a776d383248a21ec2a8a6e7868' -> (Import Result ID: 'e0ec6195f264258227cc5f28f11f84d6') in 0.001 seconds [static dependencies only]. Details - ImportResultOutputID=c238abcbd70b2a0dc4dc3ba9d2c6093d DependenciesID=35fb3b47f50a4225d7d5d704ebcdba3a StaticDependenciesID=3d0217a3e330d9d4c278bd2778d69273 
Importing 'GUID: 27ed3e221887b3544bd9d6505d4a789f - Path: Packages/com.unity.ugui/Runtime/UGUI/UI/Core/Culling' with importer (DefaultImporter)
Imported 'GUID: 27ed3e221887b3544bd9d6505d4a789f' -> (Import Result ID: 'd4dc00d303fdbaf9e83734de81bd32cc') in 0.001 seconds [static dependencies only]. Details - ImportResultOutputID=56abe916306638a477b6ac3ba6307677 DependenciesID=ddd4450598e494a8e16273a11cf66829 StaticDependenciesID=fa37298242dfef678dc54f2cd00e176c 
Importing 'GUID: f8ed4321a98682942b9980996131cf26 - Path: Packages/com.unity.ugui/Runtime/UGUI/UI/Core/SpecializedCollections' with importer (DefaultImporter)
Imported 'GUID: f8ed4321a98682942b9980996131cf26' -> (Import Result ID: 'c7d6ed0a776c27c83f2e740455ec7ddc') in 0.001 seconds [static dependencies only]. Details - ImportResultOutputID=d35aeaf4a8cadeb54cb7cfa1c1e01dd1 DependenciesID=4e6e00a4322bd88235fe5eddbdb43a6b StaticDependenciesID=7039e32cc943597b2710bf0d10e02ec6 
Importing 'GUID: 1999349e7f492c947bb6eb70f624382e - Path: Packages/com.unity.ugui/Runtime/UGUI/UI/Core/Layout' with importer (DefaultImporter)
Imported 'GUID: 1999349e7f492c947bb6eb70f624382e' -> (Import Result ID: '433b4a70f933a0248aa5798589c62a9a') in 0.000 seconds [static dependencies only]. Details - ImportResultOutputID=1a984b17ea58808f819e522d983d3a34 DependenciesID=cc4297a48d3ec5291ac1a9450b1713ee StaticDependenciesID=79e2ca577d9ebeeae5023b282f3138ce 
Importing 'GUID: 7a892c920c8ad2848b469ec9579c5219 - Path: Packages/com.unity.ugui/Tests/Runtime/UGUI/EventSystem/InputModuleTests' with importer (DefaultImporter)
Imported 'GUID: 7a892c920c8ad2848b469ec9579c5219' -> (Import Result ID: '52910d26acae74127f58dab9d1cecfaa') in 0.001 seconds [static dependencies only]. Details - ImportResultOutputID=65fc0fa1452fdf4535fd027d3e85177b DependenciesID=cfa0c9b126375804439d6c73f02468f5 StaticDependenciesID=0deb29a4953583eb33a10e363929357a 
Importing 'GUID: 7c6295db74da28645bf49db58b7c9c65 - Path: Packages/com.unity.ugui/Runtime/UGUI/UI/Core/MaterialModifiers' with importer (DefaultImporter)
Imported 'GUID: 7c6295db74da28645bf49db58b7c9c65' -> (Import Result ID: '8d438ff838a9b66c7c81f249dd0bc6ff') in 0.001 seconds [static dependencies only]. Details - ImportResultOutputID=d3c51eb5e7281175d51c01db2a8fe935 DependenciesID=839603e154f52ffb5077f7ad347d05b4 StaticDependenciesID=c7b3f1416648b30b63c75ac97fc01564 
Importing 'GUID: cfa73a847eeff06448bb50a8ac6a94e0 - Path: Packages/com.unity.ugui/Runtime/UGUI/UI/Core/VertexModifiers' with importer (DefaultImporter)
Imported 'GUID: cfa73a847eeff06448bb50a8ac6a94e0' -> (Import Result ID: '4b00f4d28b221efcb512e70c9326e78d') in 0.001 seconds [static dependencies only]. Details - ImportResultOutputID=ba0a329ea4dd35886e4a78d8110278b1 DependenciesID=a288619731efc3db97274b438d268ec6 StaticDependenciesID=001c642807bfd0e571ac062d5daa8a29 
Importing 'GUID: 6055be8ebefd69e48b49212b09b47b2f - Path: Packages/com.unity.ugui/Runtime/TMP/Unity.TextMeshPro.asmdef' with importer (AssemblyDefinitionImporter)
Imported 'GUID: 6055be8ebefd69e48b49212b09b47b2f' -> (Import Result ID: '81ac2afe783fb1fc6d3c5201821e20d2') in 0.001 seconds [static dependencies only]. Details - ImportResultOutputID=541b2a82a300c713c8a02120fb24a4f9 DependenciesID=fd54f4c765e819c3c92d43f52de21e0d StaticDependenciesID=6df74661a88fc9699f79f683d8c99df4 
Importing 'GUID: 43b111c4a445f446abd2c02e77750ff5 - Path: Packages/com.unity.ugui/Runtime/InternalBridge/Unity.InternalAPIEngineBridge.004.asmdef' with importer (AssemblyDefinitionImporter)
Imported 'GUID: 43b111c4a445f446abd2c02e77750ff5' -> (Import Result ID: '47265ea127f4718028d1093fd7dbb2c2') in 0.001 seconds [static dependencies only]. Details - ImportResultOutputID=8c3a5df3965578a47b17aa72b16192f2 DependenciesID=ee07c89c44f30a7fc6fe479bb62ed8ea StaticDependenciesID=4624c94225b8090cb4ad5d7b14f0b1fb 
Importing 'GUID: 8394c018a82352f41ae354f7bdad54e3 - Path: Packages/com.unity.ugui/Editor/Analytics/UnityEditor.UI.Analytics.asmdef' with importer (AssemblyDefinitionImporter)
Imported 'GUID: 8394c018a82352f41ae354f7bdad54e3' -> (Import Result ID: '38a904073d1c5a52f769051ed85803d1') in 0.001 seconds [static dependencies only]. Details - ImportResultOutputID=6d32872d2527bee86ba217c72ed92cc2 DependenciesID=2459dcff2d9a620507e01999886d5622 StaticDependenciesID=2d59deba94eef731dd9997e3fcd26e46 
Importing 'GUID: 343deaaf83e0cee4ca978e7df0b80d21 - Path: Packages/com.unity.ugui/Editor/UGUI/UnityEditor.UI.asmdef' with importer (AssemblyDefinitionImporter)
Imported 'GUID: 343deaaf83e0cee4ca978e7df0b80d21' -> (Import Result ID: 'b7aa20ea00a497dcbb65afad91840934') in 0.001 seconds [static dependencies only]. Details - ImportResultOutputID=80f05667bf02ba97735e00fb392e42b7 DependenciesID=bf470a314cf005d270325f86c2ee26d5 StaticDependenciesID=79c7f3e8c9223e1073e8f53af75fbccd 
Importing 'GUID: 05242c3d99f24a74f99cc20369fcb344 - Path: Packages/com.unity.ugui/Tests/Editor/Common/UnityEditor.UI.Common.Tests.asmdef' with importer (AssemblyDefinitionImporter)
Imported 'GUID: 05242c3d99f24a74f99cc20369fcb344' -> (Import Result ID: 'b616b6afd11e6c4e077d82e5bd43745d') in 0.001 seconds [static dependencies only]. Details - ImportResultOutputID=13355475c8cf726890e4967ddaff5c0e DependenciesID=96e900de9c650922f88c626f87926949 StaticDependenciesID=3a7c9f7c68bda75a1e9b1318f85fa43a 
Importing 'GUID: 6546d7765b4165b40850b3667f981c26 - Path: Packages/com.unity.ugui/Editor/TMP/Unity.TextMeshPro.Editor.asmdef' with importer (AssemblyDefinitionImporter)
Imported 'GUID: 6546d7765b4165b40850b3667f981c26' -> (Import Result ID: '0f306951be12a9d5700f9db1d1ce154b') in 0.001 seconds [static dependencies only]. Details - ImportResultOutputID=36008b569067be9a06f56cb2b5d49597 DependenciesID=56bd4bb7e76a6fb584ec9dc36f6dd3f6 StaticDependenciesID=49dec85aaeb8b3f6e5c935f327b6c18f 
Importing 'GUID: 656e461844099ae43a609ff6109b0877 - Path: Packages/com.unity.ugui/Tests/Editor/TMP/Unity.TextMeshPro.Editor.Tests.asmdef' with importer (AssemblyDefinitionImporter)
Imported 'GUID: 656e461844099ae43a609ff6109b0877' -> (Import Result ID: '4b62df1e93b4534f7873cf1076de6c66') in 0.001 seconds [static dependencies only]. Details - ImportResultOutputID=167b54fc7ec77217dc4d1af00b101ec3 DependenciesID=e7de35d9d5cdb97571906ff79d783e49 StaticDependenciesID=875fd39d39e3760618a7cc21c2204a2e 
Importing 'GUID: e9745f6a32442194c8dc5a43e9ab86f9 - Path: Packages/com.unity.ugui/Tests/Runtime/UGUI/UnityEngine.UI.Tests.asmdef' with importer (AssemblyDefinitionImporter)
Imported 'GUID: e9745f6a32442194c8dc5a43e9ab86f9' -> (Import Result ID: 'ed97ff1832a63f919e13e631a7c8a008') in 0.001 seconds [static dependencies only]. Details - ImportResultOutputID=f1b7fc1b8a4bb998167ba402c64af205 DependenciesID=3ecd5402263162ea7108e0cda71f0945 StaticDependenciesID=0f7bc44f4dba9caf329706f0471d95c2 
Importing 'GUID: 2bafac87e7f4b9b418d9448d219b01ab - Path: Packages/com.unity.ugui/Runtime/UGUI/UnityEngine.UI.asmdef' with importer (AssemblyDefinitionImporter)
Imported 'GUID: 2bafac87e7f4b9b418d9448d219b01ab' -> (Import Result ID: 'bfc3e88853b5d4907fdbd68d5cf2758a') in 0.001 seconds [static dependencies only]. Details - ImportResultOutputID=7ddcc014db2fd7397dc46e3d6a9725db DependenciesID=e0f1ed1621e259688d1820c0b7d6aae0 StaticDependenciesID=084a5d16eb2fd37b985ce845d50a8b6d 
Importing 'GUID: bb05cab7d802aa5468f8f2f86840d984 - Path: Packages/com.unity.ugui/Tests/Runtime/TMP/Unity.TextMeshPro.Tests.asmdef' with importer (AssemblyDefinitionImporter)
Imported 'GUID: bb05cab7d802aa5468f8f2f86840d984' -> (Import Result ID: 'ecc16ec8140adef3e33215227c2700b5') in 0.001 seconds [static dependencies only]. Details - ImportResultOutputID=e9011f648514f8bbd4c94ddd8d1d1122 DependenciesID=e4324be3aac59f71dd008877ba0c9a73 StaticDependenciesID=89420967dc742464bfc8b3d55355a8d5 
Importing 'GUID: 7c04f0dfa9243c04681a55d90d3ff3fc - Path: Packages/com.unity.ugui/Tests/Editor/UGUI/UnityEditor.UI.EditorTests.asmdef' with importer (AssemblyDefinitionImporter)
Imported 'GUID: 7c04f0dfa9243c04681a55d90d3ff3fc' -> (Import Result ID: '89c99134bb2483e1794ce17b6dcbe0e8') in 0.002 seconds [static dependencies only]. Details - ImportResultOutputID=718332123925c2264ef1b92f2b680e79 DependenciesID=dd19272aae8a156ad2855892a836effc StaticDependenciesID=40c3addc55af8fe368ee9fd836295b67 
Native extension for LinuxStandalone target not found
Native extension for AppleTV target not found
Native extension for iOS target not found
Native extension for Android target not found
Native extension for UWP target not found
Native extension for WindowsStandalone target not found
Failed to load: C:/Program Files/Unity/Hub/Editor/6000.5.5f1/Editor/Data/PlaybackEngines/VisionOSPlayer\x64\UnityEditor.VisionOS.Native.dll
Native extension for VisionOS target not found
Native extension for OSXStandalone target not found
Native extension for WebGL target not found
[MODES] ModeService[none].Initialize
[MODES] ModeService[none].LoadModes
ScheduleIndexationOnStartup MainProcess:True IndexOnStartup:True
Mono: successfully reloaded assembly
- Finished resetting the current domain, in  1.025 seconds
Domain Reload Profiling: 1451ms
	BeginReloadAssembly (285ms)
		DisableScriptedObjects (80ms)
		CreateAndSetChildDomain (60ms)
	RebuildCommonClasses (6ms)
	RebuildNativeTypeToScriptingClass (11ms)
	initialDomainReloadingComplete (26ms)
	LoadAllAssembliesAndSetupDomain (97ms)
		LoadAssemblies (76ms)
		AnalyzeDomain (15ms)
			TypeCache.Refresh (9ms)
				TypeCache.ScanAssembly (5ms)
			BuildScriptInfoCaches (4ms)
	FinalizeReload (1026ms)
		SetupLoadedEditorAssemblies (0ms)
			InitializePlatformSupportModulesInManaged (16ms)
			BeforeProcessingInitializeOnLoad (92ms)
			ProcessInitializeOnLoadAttributes (54ms)
			ProcessInitializeOnLoadMethodAttributes (42ms)
			AfterProcessingInitializeOnLoad (3ms)
		AwakeInstancesAfterBackupRestoration (489ms)
Importing 'GUID: bc00e25696e4132499f56528d3fed2e3 - Path: Packages/com.unity.ugui/Package Resources/TMP Examples & Extras.unitypackage' with importer (DefaultImporter)
Imported 'GUID: bc00e25696e4132499f56528d3fed2e3' -> (Import Result ID: '5a86085750982a5f51eb8d6d9861869e') in 0.002 seconds [static dependencies only]. Details - ImportResultOutputID=5e64def7f760c9c68f91d0f7e63b32d7 DependenciesID=9fc32243de8d8d95d292caee0c506bb5 StaticDependenciesID=20bb8e0c00927ec0a45b579ddc595d27 
Importing 'GUID: ce4ff17ca867d2b48b5c8a4181611901 - Path: Packages/com.unity.ugui/Package Resources/TMP Essential Resources.unitypackage' with importer (DefaultImporter)
Imported 'GUID: ce4ff17ca867d2b48b5c8a4181611901' -> (Import Result ID: '71db0493b205e94fb70067bc795f17bc') in 0.001 seconds [static dependencies only]. Details - ImportResultOutputID=1b08adab5828572d6bd38dd46d26db87 DependenciesID=c13bc7ea654fa92bc1c412822473dfab StaticDependenciesID=9471d56e53c90eb64965ed3a6431689a 
Importing 'GUID: e05ace3bd15740cda0bad60d89092a5b - Path: Packages/com.unity.ugui/Editor Resources/Textures/btn_AlignRight_Light.psd' with importer (TextureImporter)
Imported 'GUID: e05ace3bd15740cda0bad60d89092a5b' -> (Import Result ID: 'a16bc2ef621f69278b2da164ae6789f4') in 0.007 seconds [static and dynamic dependencies]. Details - ImportResultOutputID=8184993bee107667be08c2dd5e1b56bd DependenciesID=0889f4388d878683f5a8eab1e910b084 StaticDependenciesID=a72a3f45942b0d911a67d02dcd110582 
Importing 'GUID: 41b96614b2e6494ba995ddcd252d11ae - Path: Packages/com.unity.ugui/Editor Resources/Textures/btn_AlignMiddle.psd' with importer (TextureImporter)
Imported 'GUID: 41b96614b2e6494ba995ddcd252d11ae' -> (Import Result ID: '9a778e0c059afdafb296494e99a34ffb') in 0.002 seconds [static and dynamic dependencies]. Details - ImportResultOutputID=4d225940a7d26e649014ccfaff5162e3 DependenciesID=5b96627787c39a383efca64a0da128ce StaticDependenciesID=3aefd0abb1ea977de447f517c6e12372 
Importing 'GUID: 81ed8c76d2bc4a4c95d092c98af4e58f - Path: Packages/com.unity.ugui/Editor Resources/Textures/btn_AlignCenter.psd' with importer (TextureImporter)
Imported 'GUID: 81ed8c76d2bc4a4c95d092c98af4e58f' -> (Import Result ID: 'f555d0b0778555d8822abbfd455819d5') in 0.001 seconds [static and dynamic dependencies]. Details - ImportResultOutputID=347f01af712af64dd806abe8013116ec DependenciesID=90cf8d6e02e72e3269e838220d82221a StaticDependenciesID=f240d5cfda00b209c156baab86b25418 
Importing 'GUID: 12736c98af174f91827a26b66d2b01b9 - Path: Packages/com.unity.ugui/Editor Resources/Textures/btn_AlignLeft_Light.psd' with importer (TextureImporter)
Imported 'GUID: 12736c98af174f91827a26b66d2b01b9' -> (Import Result ID: 'e3e4974b96dda17e8e3b07afb4b7bc91') in 0.002 seconds [static and dynamic dependencies]. Details - ImportResultOutputID=66c5821f2b70cedd30b0394109e8b536 DependenciesID=472fdf94b4022792ec487cd4f60a20e5 StaticDependenciesID=9c64da912f5b7980065ac489d466eaf4 
Importing 'GUID: 92027f7f8cfc4feaa477da0dc38d3d46 - Path: Packages/com.unity.ugui/Editor Resources/Textures/btn_AlignJustified.psd' with importer (TextureImporter)
Imported 'GUID: 92027f7f8cfc4feaa477da0dc38d3d46' -> (Import Result ID: '8656a576c90a430a040270f5bcde1b1d') in 0.001 seconds [static and dynamic dependencies]. Details - ImportResultOutputID=1bf02b225840dc39e08dd37464b6643e DependenciesID=17461c2e294d074494507dfdb01ea606 StaticDependenciesID=4523259c4dcfaf024a01ef7da1edf85e 
Importing 'GUID: 9288066c33474b94b6ee5465f4df1cc0 - Path: Packages/com.unity.ugui/Editor Resources/Textures/btn_AlignLeft.psd' with importer (TextureImporter)
Imported 'GUID: 9288066c33474b94b6ee5465f4df1cc0' -> (Import Result ID: 'de8044335932bf38bc048aeadd9909d6') in 0.001 seconds [static and dynamic dependencies]. Details - ImportResultOutputID=8ea8d35830b685ab0a0ecbc665cd0581 DependenciesID=b7e6f86df22fd5e633b522344fb2cb37 StaticDependenciesID=a6564db806505f1f451c5948ed5901d1 
Importing 'GUID: c2f7f6a88b4c4f20a53deb72f3d9144c - Path: Packages/com.unity.ugui/Editor Resources/Textures/btn_AlignMidLine.psd' with importer (TextureImporter)
Imported 'GUID: c2f7f6a88b4c4f20a53deb72f3d9144c' -> (Import Result ID: '0eac5c4dd3d913d764680788fb6a7501') in 0.001 seconds [static and dynamic dependencies]. Details - ImportResultOutputID=5f52e5b478fa2195ddac156293bbff37 DependenciesID=36ddf5cde6bd8393dc85ef94ed2fa167 StaticDependenciesID=2e1da3edd8c0b8380ed5eb78f0078a96 
Importing 'GUID: e3b0f810fdea84e40ab4ba20f256f7e8 - Path: Packages/com.unity.ugui/Editor Resources/Textures/SectionHeader_Light.psd' with importer (TextureImporter)
Imported 'GUID: e3b0f810fdea84e40ab4ba20f256f7e8' -> (Import Result ID: 'e6e776fb02e20e1a99da1e33bec0472a') in 0.001 seconds [static and dynamic dependencies]. Details - ImportResultOutputID=7d22151c45e5e54d1c9da99e25e1798d DependenciesID=a3e86cc71c37690d2525009e7d293ccd StaticDependenciesID=d8196a8332eea4329c4c4638ec39c23c 
Importing 'GUID: 342a0f8aca7f4f0691338912faec0494 - Path: Packages/com.unity.ugui/Editor Resources/Textures/btn_AlignRight.psd' with importer (TextureImporter)
Imported 'GUID: 342a0f8aca7f4f0691338912faec0494' -> (Import Result ID: 'cf03c76d9582c9967e14cec9278ab515') in 0.001 seconds [static and dynamic dependencies]. Details - ImportResultOutputID=b70a064d5e30cbd78db618bbace4d6cd DependenciesID=6a576e2087207946997747fd2f3fcca0 StaticDependenciesID=03cdd4cc67a634eb7e7f2d115bb26574 
Importing 'GUID: 64b9fad609434c489c32b1cdf2004a1c - Path: Packages/com.unity.ugui/Editor Resources/Textures/btn_AlignFlush_Light.psd' with importer (TextureImporter)
Imported 'GUID: 64b9fad609434c489c32b1cdf2004a1c' -> (Import Result ID: 'ac7d274cabe8d6b14547af328a281186') in 0.002 seconds [static and dynamic dependencies]. Details - ImportResultOutputID=16b5dabb7c2ea009d8fa5621ddb72014 DependenciesID=88e94f6cff03728ea687ae2158941394 StaticDependenciesID=06ec1caee865604e3621a33caa1838ba 
Importing 'GUID: 35ff0937876540d3bd4b6a941df62a92 - Path: Packages/com.unity.ugui/Editor Resources/Textures/btn_AlignCenterGeo_Light.psd' with importer (TextureImporter)
Imported 'GUID: 35ff0937876540d3bd4b6a941df62a92' -> (Import Result ID: '59a03b5b29f7c5b243b04754f7f9b85e') in 0.001 seconds [static and dynamic dependencies]. Details - ImportResultOutputID=18390e580f59545ca64651187fab77c0 DependenciesID=52455736f55c4e5e3a91bd5ba7ebb88e StaticDependenciesID=267c468312115d868370feab4d58b31c 
Importing 'GUID: 066619c9c9c84f89acb1b48c11a7efe2 - Path: Packages/com.unity.ugui/Editor Resources/Textures/btn_AlignMiddle_Light.psd' with importer (TextureImporter)
Imported 'GUID: 066619c9c9c84f89acb1b48c11a7efe2' -> (Import Result ID: 'deb5e1cde50174d2d96967d81add26ce') in 0.002 seconds [static and dynamic dependencies]. Details - ImportResultOutputID=f83ab942494a178fe78427d34e94971c DependenciesID=09bfa8d3ef8be3976b4732ee9851adf2 StaticDependenciesID=7b725d5196bb439b05a6fc7f8cd1c99f 
Importing 'GUID: a7ec9e7ad8b847b7ae4510af83c5d868 - Path: Packages/com.unity.ugui/Editor Resources/Gizmos/TMP - Dropdown Icon.psd' with importer (TextureImporter)
Imported 'GUID: a7ec9e7ad8b847b7ae4510af83c5d868' -> (Import Result ID: 'ad98fc02cae6b20f5d1d2cbad9c40ab5') in 0.002 seconds [static and dynamic dependencies]. Details - ImportResultOutputID=cf760527a3bbda84062145df022e7797 DependenciesID=6d18e5e6e12a0a1b92e1ac41b90451b8 StaticDependenciesID=e8babd171845cb02d591e1ede4e64d8e 
Importing 'GUID: c76700ea0062413d9f69409b4e9e151b - Path: Packages/com.unity.ugui/Editor Resources/Textures/btn_AlignCenterGeo.psd' with importer (TextureImporter)
Imported 'GUID: c76700ea0062413d9f69409b4e9e151b' -> (Import Result ID: 'dd1b262ca8b0d1a21fa45213d4cb68ff') in 0.001 seconds [static and dynamic dependencies]. Details - ImportResultOutputID=c92cb8039ccbab95ed9963fb12f52f85 DependenciesID=c400dd6868b8252a430489dc1d8d1a09 StaticDependenciesID=678f1428a0fa19ed17d3319a84cc9401 
Importing 'GUID: 18775b51e3bd42299fd30bd036ea982f - Path: Packages/com.unity.ugui/Editor Resources/Textures/btn_AlignBaseLine_Light.psd' with importer (TextureImporter)
Imported 'GUID: 18775b51e3bd42299fd30bd036ea982f' -> (Import Result ID: 'd3cf5588fd4ea3bbdaa1413a8eec8155') in 0.001 seconds [static and dynamic dependencies]. Details - ImportResultOutputID=26862d6bb36a01bc6dc73847eef8e96f DependenciesID=706266305bac1eab8977646d03a89c5b StaticDependenciesID=36b5fedac47a39dd23237e4d57c7179a 
Importing 'GUID: 48d034c499ee4697af9dd6e327110249 - Path: Packages/com.unity.ugui/Editor Resources/Textures/btn_AlignTop.psd' with importer (TextureImporter)
Imported 'GUID: 48d034c499ee4697af9dd6e327110249' -> (Import Result ID: '64d6813355203392aa5f7e932376a7e8') in 0.002 seconds [static and dynamic dependencies]. Details - ImportResultOutputID=5ed83308480d4758bddca2c5c7000ecd DependenciesID=2fb6f1788faa75a6b9a349cfa25a62ba StaticDependenciesID=1ef52aac0fbbc6e75a8e230581142c53 
Importing 'GUID: 585b70cb75dd43efbfead809c30a1731 - Path: Packages/com.unity.ugui/Editor Resources/Textures/btn_AlignBottom_Light.psd' with importer (TextureImporter)
Imported 'GUID: 585b70cb75dd43efbfead809c30a1731' -> (Import Result ID: 'e414dbbfff65854b4fdfd947953ae3ac') in 0.001 seconds [static and dynamic dependencies]. Details - ImportResultOutputID=8e817e6a417c8f3d0f659570b5b3f5be DependenciesID=2e19c9748ce31648bcb457b8d6603516 StaticDependenciesID=e97ff400ee29b058653f137c2519fa4c 
Importing 'GUID: 49679f302ac6408697f6b9314a38985c - Path: Packages/com.unity.ugui/Editor Resources/Textures/btn_AlignCapLine_Light.psd' with importer (TextureImporter)
Imported 'GUID: 49679f302ac6408697f6b9314a38985c' -> (Import Result ID: 'e51af0a7075df424b41bec4018f4c57e') in 0.002 seconds [static and dynamic dependencies]. Details - ImportResultOutputID=563d78fa34daf911950270b51add7e74 DependenciesID=c9e78131d00ca8cf17e0764ae93f6925 StaticDependenciesID=611618b7851a0d939e6fdc711e294008 
Importing 'GUID: 691475c57a824010be0c6f474caeb7e1 - Path: Packages/com.unity.ugui/Editor Resources/Textures/btn_AlignFlush.psd' with importer (TextureImporter)
Imported 'GUID: 691475c57a824010be0c6f474caeb7e1' -> (Import Result ID: 'b7ab1cbef0af4cbd053d4f30e496b6f4') in 0.002 seconds [static and dynamic dependencies]. Details - ImportResultOutputID=002b3c731623126d75305e4e88f25aa0 DependenciesID=bf5bc2d9e9c20c1b4691e58860dc78ac StaticDependenciesID=7df2f5ee9e62f60d87b988ea7dee7cf5 
Importing 'GUID: 6ace62d30f494c948b71d5594afce11d - Path: Packages/com.unity.ugui/Editor Resources/Textures/btn_AlignCenter_Light.psd' with importer (TextureImporter)
Imported 'GUID: 6ace62d30f494c948b71d5594afce11d' -> (Import Result ID: '1b2962d84ac7cd09a7b602f223f5d264') in 0.002 seconds [static and dynamic dependencies]. Details - ImportResultOutputID=df6c6586b212abed9c1c458163065778 DependenciesID=5a7c3f570df80624d33de6f81a81539a StaticDependenciesID=63ec30629bd1ab9f51cc00df6bdaf68f 
Importing 'GUID: ca51b19024094d1b87f3e07edb0a75fb - Path: Packages/com.unity.ugui/Editor Resources/Textures/btn_AlignBottom.psd' with importer (TextureImporter)
Imported 'GUID: ca51b19024094d1b87f3e07edb0a75fb' -> (Import Result ID: 'e4cbaad668d545aa6f4d69e099f800fc') in 0.002 seconds [static and dynamic dependencies]. Details - ImportResultOutputID=3b510dc7c469860cd91794b6e5832016 DependenciesID=afcf29e0d403dc18cdf0a489873c6630 StaticDependenciesID=fa3d37a0a4fae1c1d484a51926473813 
Importing 'GUID: fa6bd40a216346b783a4cce741d277a5 - Path: Packages/com.unity.ugui/Editor Resources/Textures/btn_AlignJustified_Light.psd' with importer (TextureImporter)
Imported 'GUID: fa6bd40a216346b783a4cce741d277a5' -> (Import Result ID: 'a41bd4913bca542f65f2d4d5f8c10c08') in 0.002 seconds [static and dynamic dependencies]. Details - ImportResultOutputID=88781c90e84c86e7abcf68abab77dfe4 DependenciesID=07c788cd5a8a544251069b170ec6a00a StaticDependenciesID=287c9671a60c2ecc4c318768b6cbe54e 
Importing 'GUID: 8bc445bb79654bf496c92d0407840a92 - Path: Packages/com.unity.ugui/Editor Resources/Textures/btn_AlignBaseLine.psd' with importer (TextureImporter)
Imported 'GUID: 8bc445bb79654bf496c92d0407840a92' -> (Import Result ID: 'df5d3e3fc4a446456b2e3a423c809851') in 0.002 seconds [static and dynamic dependencies]. Details - ImportResultOutputID=8a00894101850f8bf10c93cd39d80ceb DependenciesID=b5c31284d96a927113e89de63bccd8e6 StaticDependenciesID=a6254f1de6bd24ab894f99521c4ce15d 
Importing 'GUID: bb42b2d967d6427983c901a4ffc8ecd9 - Path: Packages/com.unity.ugui/Editor Resources/Textures/btn_AlignMidline_Light.psd' with importer (TextureImporter)
Imported 'GUID: bb42b2d967d6427983c901a4ffc8ecd9' -> (Import Result ID: '1e65117f1fdcea17a3f67e808d6bf3e4') in 0.001 seconds [static and dynamic dependencies]. Details - ImportResultOutputID=66cf407830dc415058033d9263924c2d DependenciesID=b1fcbadaa95587d77e53cbc81fcc64fb StaticDependenciesID=9f810a4d205e95c838e64ae3cfae7d6f 
Importing 'GUID: fb5730e24283d0c489e5c7d0bee023d9 - Path: Packages/com.unity.ugui/Editor Resources/Textures/SectionHeader_Dark.psd' with importer (TextureImporter)
Imported 'GUID: fb5730e24283d0c489e5c7d0bee023d9' -> (Import Result ID: 'f81a299467311fc7af60e3f9c87620c5') in 0.001 seconds [static and dynamic dependencies]. Details - ImportResultOutputID=e620d72beaa016f06669eaf14e623750 DependenciesID=f5bfba94728c845786c6804a3f8c9072 StaticDependenciesID=d91bba1cc9a3e068a4d5c859ba023477 
Importing 'GUID: ec7c645d93308c04d8840982af12101e - Path: Packages/com.unity.ugui/Editor Resources/Gizmos/TMP - Sprite Asset Icon.psd' with importer (TextureImporter)
Imported 'GUID: ec7c645d93308c04d8840982af12101e' -> (Import Result ID: '202f020d044b7c55dfd6ba0df55dcdb0') in 0.002 seconds [static and dynamic dependencies]. Details - ImportResultOutputID=0c49dcdc9a9d2d564e6f4dd0fe75a477 DependenciesID=a066a67c8e7011312456bb45b5db7a01 StaticDependenciesID=8abb3b76b9e07a04f5da31bcbae33264 
Importing 'GUID: 0d9a36012a224080966c7b55896aa0f9 - Path: Packages/com.unity.ugui/Editor Resources/Textures/btn_AlignCapLine.psd' with importer (TextureImporter)
Imported 'GUID: 0d9a36012a224080966c7b55896aa0f9' -> (Import Result ID: '45e66cde29e1f178371ab11a536884b1') in 0.001 seconds [static and dynamic dependencies]. Details - ImportResultOutputID=b25c515a37168ce052770e323ff247cf DependenciesID=9a6c4245ae69042e78f7a5443cebb06e StaticDependenciesID=1b7b108b58171f850434c765f1841c58 
Importing 'GUID: ed041e68439749a69d0efa0e3d896c2e - Path: Packages/com.unity.ugui/Editor Resources/Textures/btn_AlignTop_Light.psd' with importer (TextureImporter)
Imported 'GUID: ed041e68439749a69d0efa0e3d896c2e' -> (Import Result ID: '8476ece82af179aea2e9f9db8bb6ad96') in 0.001 seconds [static and dynamic dependencies]. Details - ImportResultOutputID=ef3fd9a3185e8b32fffa40b95dbffe91 DependenciesID=260f018abafd4302b0085558852efe18 StaticDependenciesID=0dcedc13fa1202021212584b9d01c6b7 
Importing 'GUID: 3ee40aa79cd242a5b53b0b0ca4f13f0f - Path: Packages/com.unity.ugui/Editor Resources/Gizmos/TMP - Input Field Icon.psd' with importer (TextureImporter)
Imported 'GUID: 3ee40aa79cd242a5b53b0b0ca4f13f0f' -> (Import Result ID: '6bf66b172d3e1a05de92499fbc5476a5') in 0.002 seconds [static and dynamic dependencies]. Details - ImportResultOutputID=5ea9f27d7def2bb23cbf2ab649b6d95c DependenciesID=4711152efeb49766be87aee612053553 StaticDependenciesID=1c24a3c58f281d81c9ba4f92ccc3dbc9 
Importing 'GUID: ee148e281f3c41c5b4ff5f8a5afe5a6c - Path: Packages/com.unity.ugui/Editor Resources/Gizmos/TMP - Font Asset Icon.psd' with importer (TextureImporter)
Imported 'GUID: ee148e281f3c41c5b4ff5f8a5afe5a6c' -> (Import Result ID: '145d561599af601eac2e6edd9ec9c8c6') in 0.002 seconds [static and dynamic dependencies]. Details - ImportResultOutputID=f738dc8f1686b794e19c665d660d2037 DependenciesID=bc6a048e267d572dbda16ba1d1b5a448 StaticDependenciesID=0ac2610afd7f46203c3fef1d822e4466 
Importing 'GUID: 2fd6421f253b4ef1a19526541f9ffc0c - Path: Packages/com.unity.ugui/Editor Resources/Gizmos/TMP - Text Component Icon.psd' with importer (TextureImporter)
Imported 'GUID: 2fd6421f253b4ef1a19526541f9ffc0c' -> (Import Result ID: 'f7af4a7a8207a34e4941ffe2d7b19047') in 0.002 seconds [static and dynamic dependencies]. Details - ImportResultOutputID=93ec3c928c0a40ec87bc38a85324603f DependenciesID=3f5c45d1ff07edc20f9b2935de8cbc84 StaticDependenciesID=91b5d4440110bc5d09e7501d84b9b2bb 
Importing 'GUID: abe6991365a27d341a10580f3b7c0f44 - Path: Packages/com.unity.ugui/Editor Resources/Shaders/TMP_SDF_SSD.cginc' with importer (ShaderIncludeImporter)
Imported 'GUID: abe6991365a27d341a10580f3b7c0f44' -> (Import Result ID: '4a16520890faa07e834ce34137afd09b') in 0.002 seconds [static dependencies only]. Details - ImportResultOutputID=e2ffcc5f3f3567bf2339dee0e44b2a1a DependenciesID=e3eec9bfbf9978578c445daa9a50835b StaticDependenciesID=63a2ed5242b0a7175ee8407389afcb84 
Importing 'GUID: 3c6c403084eacec478a1129ce20061ea - Path: Packages/com.unity.ugui/Editor Resources/Shaders/TMP_Properties.cginc' with importer (ShaderIncludeImporter)
Imported 'GUID: 3c6c403084eacec478a1129ce20061ea' -> (Import Result ID: '507a83b9155732e9f3d2ec1ea6348ec5') in 0.001 seconds [static dependencies only]. Details - ImportResultOutputID=3f1c6854e6ecba6bc6f0c8f9f359ecd4 DependenciesID=54eedf8fc1d770ba6b1470887d00ab9f StaticDependenciesID=79a7583f07dc97e806a2819ee215231e 
Importing 'GUID: 9c442dc870b456e48b615cd8add0e9ef - Path: Packages/com.unity.ugui/Editor Resources/Shaders/TMP_SDF Internal Editor.shader' with importer (ShaderImporter)
Imported 'GUID: 9c442dc870b456e48b615cd8add0e9ef' -> (Import Result ID: '26f4dd20484c77acfce16d9e51d1eaea') in 0.007 seconds [static and dynamic dependencies]. Details - ImportResultOutputID=6493dbbd5887a2d861604936deedae64 DependenciesID=77650c516cc8bb2800c39092fb00a287 StaticDependenciesID=d6794af3edbd937daa1ec69a72eea80b 
Importing 'GUID: e0ae6629cc70b514889df37fccb76832 - Path: Packages/com.unity.ugui/README.md' with importer (TextScriptImporter)
Imported 'GUID: e0ae6629cc70b514889df37fccb76832' -> (Import Result ID: '308e8b3f279c51c809eaa15fd4b119d3') in 0.001 seconds [static dependencies only]. Details - ImportResultOutputID=e372dbcb867529f2c4f22e24ad4af854 DependenciesID=e12dae3c92ecf82519d22a914f0466d3 StaticDependenciesID=c21c9aa643b2c95ff3caccb03db42a0b 
Importing 'GUID: 319b8889f363f5947acf209c17a94149 - Path: Packages/com.unity.ugui/package.json' with importer (PackageManifestImporter)
Imported 'GUID: 319b8889f363f5947acf209c17a94149' -> (Import Result ID: 'fbafc2c799e82a09baadd9ea35558de9') in 0.001 seconds [static dependencies only]. Details - ImportResultOutputID=b743f5cd4f22598f5dc8599bd7224b23 DependenciesID=f54b7a56424d519d178b7a01d6038be4 StaticDependenciesID=958869647901d1785e70eb0df1ae8664 
Importing 'GUID: 05f5bfd584002f948982a1498890f9a9 - Path: Packages/com.unity.ugui/PackageConversionData.json' with importer (TextScriptImporter)
Imported 'GUID: 05f5bfd584002f948982a1498890f9a9' -> (Import Result ID: '3e212ef752d654225397e200dfb7ba56') in 0.001 seconds [static dependencies only]. Details - ImportResultOutputID=5eec638ae99a7edcb4f82e41b05f8a27 DependenciesID=92163894ff82f83c4b0d2b0c8c2deabd StaticDependenciesID=97da7a6adad9874c8d30399b35f4b27c 
Importing 'GUID: c851bee4305bddf438cc6ffc515991ce - Path: Packages/com.unity.ugui/CHANGELOG.md' with importer (TextScriptImporter)
Imported 'GUID: c851bee4305bddf438cc6ffc515991ce' -> (Import Result ID: '075f48e8fcb2c3079ac28f301698ceeb') in 0.001 seconds [static dependencies only]. Details - ImportResultOutputID=1564753c8a5b332d7dc32e5d6570cca2 DependenciesID=8eaa666f6e0fa4746515cb6433d79c21 StaticDependenciesID=bbe3ba479ff278a5cfee9c84e89ad2ba 
Importing 'GUID: 4d3d51749e989f747b2674e0b4d9b3d7 - Path: Packages/com.unity.ugui/LICENSE.md' with importer (TextScriptImporter)
Imported 'GUID: 4d3d51749e989f747b2674e0b4d9b3d7' -> (Import Result ID: 'a6fe96939bb18d8b44d4bb44fdcd7b17') in 0.001 seconds [static dependencies only]. Details - ImportResultOutputID=a63b6dbba38e2df053a1afb5e5f27b0d DependenciesID=8ddb72dc8de43f661a47f98272e4399d StaticDependenciesID=97320e1786fcc0bb76ceae6f4133295f 
Importing 'GUID: 0e0afa652c0031c48896a97b424d027b - Path: Packages/com.unity.ugui/PackageConversionData_Assets.json' with importer (TextScriptImporter)
Imported 'GUID: 0e0afa652c0031c48896a97b424d027b' -> (Import Result ID: 'cc9158c479a9741ca366469b21e6bf64') in 0.001 seconds [static dependencies only]. Details - ImportResultOutputID=1c704b850f8573286bfa1a80c5c8b511 DependenciesID=7f1b71881f52121ccbd12be1e49be4b7 StaticDependenciesID=84df7f5de1a0c9054f071b3725953f75 
Launched and connected shader compiler UnityShaderCompiler.exe after 0.01 seconds

Asset Pipeline Refresh (id=1d40b739debdb5f499afd3fdde3df26b): Total: 5.888 seconds - Initiated by RefreshV2(ForceSynchronousImport)
	(Values over 0.05ms)
	Summary:
		Imports: total=128 (actual=128, local cache=0, cache server=0)
		Asset DB Process Time: managed=6 ms, native=1423 ms
		Asset DB Callback time: managed=35 ms, native=126 ms
		Scripting: domain reloads=1, domain reload time=444 ms, compile time=3851 ms, other=0 ms
		Project Asset Count: scripts=199, non-scripts=123
		Asset File Changes: new=487, changed=487, moved=0, deleted=0
		Scan Filter Count: 1
	InvokePackagesCallback: 91.743ms
	ApplyChangesToAssetFolders: 0.184ms
	Scan: 193.093ms
	Collect global state as custom dependencies: 0.118ms
	OnSourceAssetsModified: 1.670ms
	CategorizeScriptCompilationAssets: 0.784ms
	ProcessAssetsWithTransientArtifactChanges: 5.643ms
	CategorizeAssets: 1.218ms
	CompileScripts: 3851.044ms
	ImportOutOfDateAssets: 1195.488ms (1027.828ms without children)
		ImportManagerImport: 165.452ms (3.871ms without children)
			UpdateCategorizedAssets: 0.310ms
		UnloadImportedAssets: 1.293ms
		ImportSchedulerStart: 0.871ms
	PostProcessAllAssets: 69.719ms
		ShaderAssetModifiedCallback 17.497ms
		AssemblyValidation.PostprocessAllAssets 1.353ms
		VersionControlSettings.HiddenFilePostprocess 1.139ms
		PostprocessAssetsUpdateCachedIcon 0.777ms
		PostProcessCallbackCreateDeferredMaterials 0.712ms
		ComputeShaderImportPostprocess 0.485ms
		RaytracingShaderImportPostprocess 0.412ms
		SpeedTreeImporter.PostprocessAllAssets 0.305ms
		LocalizationDatabase.AssetDatabasePostprocessCallback 0.289ms
		BlockShaderImporter.PostprocessAllAssets 0.178ms
		MonoPostProcessAllAssets: 34.967ms
			AssetChangedListener.OnPostprocessAllAssets 7.249ms
			WindowAssetPostprocessingWatcher.OnPostprocessAllAssets 5.561ms
			BuilderAssetPostprocessor.OnPostprocessAllAssets 3.738ms
			AssetPostprocessor.OnPostprocessAllAssets 3.394ms
			TextAssetPostProcessor.OnPostprocessAllAssets 1.857ms
			SyncVS.PostprocessSyncProject 0.985ms
			SpeedTree9Postprocessor.OnPostprocessAllAssets 0.982ms
			RetainedModeAssetPostprocessor.OnPostprocessAllAssets 0.883ms
			EditModeScopePostprocessor.OnPostprocessAllAssets 0.758ms
			ArtifactBrowserPostProcessor.OnPostprocessAllAssets 0.439ms
			TMPro_TexturePostProcessor.OnPostprocessAllAssets 0.282ms
			AudioMixerPostprocessor.OnPostprocessAllAssets 0.214ms
			ReferencedClipsPostProcessor.OnPostprocessAllAssets 0.180ms
			AssetEvents.OnPostprocessAllAssets 0.177ms
			StyleCatalogPostProcessor.OnPostprocessAllAssets 0.152ms
			AssetDatabaseCallbacks.OnPostprocessAllAssets 0.136ms
			RenderPipelineGlobalSettingsPostprocessor.OnPostprocessAllAssets 0.126ms
			SpeedTreePostProcessor.OnPostprocessAllAssets 0.125ms
			TerrainToolbarOverlayPostProcessor.OnPostprocessAllAssets 0.110ms
			ConfigAssetsTracker.OnPostprocessAllAssets 0.087ms
			ScenarioDriftAssetsTracker.OnPostprocessAllAssets 0.085ms
			AudioContainerPostProcessor.OnPostprocessAllAssets 0.052ms
	PostAssetChangesProfiler: 0.617ms
	PersistCurrentRevisions: 0.105ms
	GenerateScriptTypeHashes: 0.092ms
	GenerateScriptTypeSerializationHashes: 0.209ms
	Untracked: 473.921ms

Launched and connected shader compiler UnityShaderCompiler.exe after 0.01 seconds
[MODES] ModeService[default].LoadModes
[Licensing::Client] Successfully resolved entitlement details
[Licensing::Client] Successfully resolved entitlement details
[Worker2] Imported GUID: 73937416114014884062472825024523 - Path: Packages/com.unity.ugui - Importer: PreviewImporter -> (ImportResultId: '622d6e2e1fe9727914865dd190d6aa23') in 0.0010884 seconds
[Worker2] Imported GUID: 319b8889f363f5947acf209c17a94149 - Path: Packages/com.unity.ugui/package.json - Importer: PreviewImporter -> (ImportResultId: '7ee2ecc472e33767aaaa4cfec2856df1') in 0.0107375 seconds
[Worker2] Imported GUID: d1a0a27327b54c3bac52a08929c33f81 - Path: Packages/com.unity.ugui/Editor Resources - Importer: PreviewImporter -> (ImportResultId: '4943be5390e49ced7c129e453332aedf') in 0.0004558 seconds
MonoPathRemapper: Attempts to remap: 3047; Successful remaps: 592
Serialized file version minimum: 23, current 23
[LAYOUT] About to save layout C:\Users\20231170150028\Documents\GitHub\motores3pjd3v2026\UserSettings\Layouts\default-6000.dwlt
[LAYOUT] About to save layout C:/Users/20231170150028/AppData/Roaming/Unity/Editor-5.x/Preferences\Layouts\current\default-6000.dwlt
Killing ADB server in 0,0557888 seconds.
[Physics::Module] Cleanup current backend.
[Physics::Module] Id: 0xf2b8ea05
Input System module state changed to: ShutdownInProgress.
Input Polling Thread exited.
Input System module state changed to: Shutdown.
[Licensing::IpcConnector] LicenseClient-20231170150028-6000.5.5-notifications channel disconnected successfully.
[Licensing::IpcConnector] LicenseClient-20231170150028-6000.5.5 channel disconnected successfully.
Shut down.
AcceleratorClientConnectionCallback - disconnected - :0
Cleanup mono
CodeReloadManager destroyed
abort_threads: Failed aborting id: 0000000000004BEC, mono_thread_manage will ignore it

abort_threads: Failed aborting id: 00000000000086B4, mono_thread_manage will ignore it

abort_threads: Failed aborting id: 0000000000004BEC, mono_thread_manage will ignore it

abort_threads: Failed aborting id: 00000000000086B4, mono_thread_manage will ignore it

debugger-agent: Unable to listen on 4968
[usbmuxd] Stop listen thread
[usbmuxd] Listen thread exiting
[usbmuxd] Stop listen thread
[usbmuxd] Listen thread exiting
Checking for leaked weakptr:
  Found no leaked weakptrs.
[Package Manager] Server process was shutdown
##utp:{"type":"MemoryLeaks","version":2,"phase":"Immediate","time":1786387470901,"processId":8316,"allocatedMemory":46999856,"memoryLabels":[{"Default":190430},{"Permanent":15516},{"NewDelete":67733},{"Thread":4197560},{"Manager":38405},{"VertexData":8},{"Geometry":816},{"Texture":24},{"Shader":847552},{"Material":24},{"GfxDevice":55328},{"Animation":952},{"Audio":1544},{"FreeType":8},{"FontEngine":736},{"Physics":2146},{"Physics2D":16},{"Serialization":162616},{"Input":42840},{"JobScheduler":256},{"TextLib":67582},{"Mono":48},{"ScriptingNativeRuntime":689868},{"BaseObject":1721954},{"Resource":1208},{"Renderer":3080},{"Transform":4685},{"File":54558},{"WebCam":616},{"Culling":32},{"Terrain":11442},{"Wind":24},{"STL":40},{"String":10008},{"StaticString":3808},{"Utility":2675594},{"Curl":48},{"PoolAlloc":2168},{"AI":80},{"TypeTree":417724},{"CodeReload":448},{"RuntimeInitializeOnLoadManager":64},{"Sprites":102},{"SpriteAtlas":120},{"GI":7816},{"Director":8296},{"CloudService":7240},{"WebRequest":4633},{"VR":47114},{"SceneManager":608},{"Video":208},{"LazyScriptCache":32},{"NativeArray":33092720},{"Camera":4657},{"Secure":265},{"Image":65536},{"SerializationCache":1576},{"APIUpdating":10320},{"Subsystems":336},{"VirtualTexturing":57888},{"StaticSafetyDebugInfo":278528},{"Analytics":552},{"Hierarchy":1176},{"UIElements":1052648},{"CoreStats":13688},{"Identifiers":6768},{"Gui":267587},{"EditorUtility":190968},{"VersionControl":8},{"Undo":931},{"AssetDatabase":535569},{"AssetImporter":40},{"EditorGi":328},{"UnityConnect":35345},{"Upm":1988},{"UpmDiagnostics":8},{"AssetCompliance":64},{"DrivenProperties":72},{"LocalIPC":220},{"ProfilerEditor":9746},{"CoreBusinessMetrics":3486},{"Windowing":456},{"Licensing":664},{"AssetReference":32},{"IPCStream":32}]}
